subband index,frequency (Hz),Avg Error %,Min Error %,Max Error %,Avg Error,Min Error,Max Error,Min Out,Max Out,Min Ref,Max Ref,Shift,Range Size %,Ref Range,Avg Err/Range,Min Err/Range,Max Err/Range
0,0,0.61203,0.612012,0.612012,3.41E+08,3.41E+08,3.41E+08,5.53E+10,5.53E+10,5.56E+10,5.56E+10,3.41E+08,#DIV/0!,0,#DIV/0!,#DIV/0!,#DIV/0!
1,195312,0.752982,0.237345,0.766147,184.528,58.1641,187.766,24320,24448,24504.6,24507.8,122.2,4000,3.2,5766.5,1817.628125,5867.6875
2,390625,0.616807,0.591427,0.638384,107.246,102.807,111.021,17280,17280,17382.8,17391,106.9,0,8.2,1307.878049,1253.743902,1353.914634
3,585938,0.728188,0.38976,1.26675,111.379,59.6006,193.785,15104,15232,15281,15313.7,129.35,391.4373089,32.7,340.6085627,182.2648318,592.6146789
4,781250,0.716875,0.274015,0.737744,102.59,39.2148,105.598,14208,14272,14303.4,14313.6,68.5,627.4509804,10.2,1005.784314,384.4588235,1035.27451
5,976562,0.691267,0.628467,0.748221,96.2274,87.4287,104.214,13824,13824,13911.4,13928.2,95.8,0,16.8,572.7821429,520.4089286,620.3214286
6,1.17E+06,0.659577,0.347709,0.859603,91.0855,48.0117,118.752,13696,13760,13803.7,13817.3,82.5,470.5882353,13.6,669.7463235,353.0272059,873.1764706
7,1.37E+06,0.503191,0.440133,0.539997,69.5897,60.8301,74.707,13760,13760,13820.8,13834.7,67.75,0,13.9,500.6453237,437.6266187,537.4604317
8,1.56E+06,0.863308,0.826364,0.916821,120.383,115.188,127.914,13824,13824,13939.2,13951.9,121.55,0,12.7,947.8976378,906.992126,1007.19685
9,1.76E+06,0.822683,0.721654,0.883105,115.734,101.417,124.309,13952,13952,14053.4,14076.3,112.85,0,22.9,505.3886463,442.8689956,542.8340611
10,1.95E+06,0.673612,0.493518,1.00425,95.3877,69.832,142.184,14016,14080,14145,14173,111,228.5714286,28,340.6703571,249.4,507.8
11,2.15E+06,0.753068,0.382514,0.933844,106.953,54.3105,132.725,14080,14144,14180.8,14218,87.4,172.0430108,37.2,287.5080645,145.9959677,356.7876344
12,2.34E+06,0.681642,0.445818,0.994164,96.801,63.3389,140.741,14016,14144,14155.9,14226.1,111,182.3361823,70.2,137.8931624,90.22635328,200.485755
13,2.54E+06,0.720178,0.50237,1.01465,102.081,71.0908,143.671,14016,14080,14139.4,14198.7,121.05,107.925801,59.3,172.143339,119.8833052,242.2782462
14,2.73E+06,0.77643,0.568012,1.07841,109.529,80.0674,152.101,13952,14016,14071.8,14128.4,116.1,113.0742049,56.6,193.5141343,141.4618375,268.729682
15,2.93E+06,0.833924,0.691742,1.16986,116.787,96.7383,163.636,13824,13888,13982.5,14019.4,144.95,173.4417344,36.9,316.495935,262.1634146,443.4579946
16,3.13E+06,0.608084,0.440723,0.716402,84.5816,61.1953,99.75,13824,13824,13885.2,13923.8,80.5,0,38.6,219.1233161,158.5370466,258.4196891
17,3.32E+06,0.576222,0.332371,0.866498,79.5878,45.8867,119.713,13696,13760,13790.9,13840.8,87.85,128.256513,49.9,159.4945892,91.95731463,239.9058116
18,3.52E+06,0.701525,0.51055,1.03991,95.8018,69.627,141.905,13504,13568,13622.4,13682.9,116.65,105.785124,60.5,158.3500826,115.0859504,234.553719
19,3.71E+06,0.739385,0.567979,1.14806,100.072,76.7725,155.348,13376,13440,13505,13555,122,128,50,200.144,153.545,310.696
20,3.91E+06,0.82325,0.595791,1.0846,110.527,79.7871,145.965,13312,13312,13391.8,13458,112.9,0,66.2,166.9592145,120.5243202,220.4909366
21,4.10E+06,0.60873,0.427353,0.996477,80.7364,56.584,132.054,13120,13184,13240.5,13280.3,108.4,160.8040201,39.8,202.8552764,142.1708543,331.7939698
22,4.30E+06,0.658084,0.512005,1.0394,86.4725,67.1914,136.457,12992,13056,13120.8,13157.7,115.25,173.4417344,36.9,234.3428184,182.0905149,369.802168
23,4.49E+06,0.980105,0.599798,1.14989,127.392,78.0098,149.643,12864,12928,12986.8,13020.5,107.65,189.9109792,33.7,378.0178042,231.4830861,444.0445104
24,4.69E+06,0.618872,0.498079,0.732074,79.7128,64.0732,94.3965,12800,12800,12864.1,12894.4,79.25,0,30.3,263.0785479,211.4627063,311.539604
25,4.88E+06,0.718975,0.402248,0.989325,91.7616,51.1787,125.98,12608,12672,12719.6,12778.5,109.05,108.6587436,58.9,155.7921902,86.89083192,213.8879457
26,5.08E+06,0.860956,0.442912,1.02612,109.007,56.0908,130.051,12544,12608,12639.3,12683.6,85.45,144.469526,44.3,246.0654628,126.6158014,293.5688488
27,5.27E+06,0.737027,0.565537,1.18514,92.5952,70.9805,148.912,12416,12480,12544.5,12580.2,114.35,179.2717087,35.7,259.3703081,198.82493,417.1204482
28,5.47E+06,0.89618,0.734295,1.26848,111.702,91.3711,157.874,12288,12352,12443.4,12485.9,144.65,150.5882353,42.5,262.8282353,214.9908235,371.4682353
29,5.66E+06,0.669907,0.473086,0.948299,82.8871,58.4092,117.643,12288,12288,12346.4,12405.6,88,0,59.2,140.0119932,98.66418919,198.7212838
30,5.86E+06,0.576858,0.350098,1.01381,70.8632,42.9463,124.542,12160,12224,12265.1,12315,98.05,128.256513,49.9,142.0104208,86.06472946,249.5831663
31,6.05E+06,0.762078,0.387647,1.03472,93.0409,47.3213,126.468,12096,12160,12187.4,12228.4,79.9,156.097561,41,226.9290244,115.4178049,308.4585366
32,6.25E+06,0.912183,0.471035,1.11079,110.825,57.2461,135.151,12032,12096,12123.6,12171.6,83.6,133.3333333,48,230.8854167,119.2627083,281.5645833
33,6.45E+06,0.789706,0.236705,1.3075,97.346,31.585,174.432,11968,13504,12092,13599.7,109.85,101.8770312,1507.7,6.456589507,2.094912781,11.56941036
34,6.64E+06,0.895776,0.722342,1.08147,107.604,86.6133,130.146,11904,11904,11990.6,12034.1,108.35,0,43.5,247.3655172,199.1110345,299.1862069
35,6.84E+06,0.787594,0.186548,1.47199,97.1375,22.9658,198.879,11904,13888,12001.6,14044.5,127.05,97.1168437,2042.9,4.754882765,1.124176416,9.735131431
36,7.03E+06,0.791839,0.000570356,1.82339,114.941,0.0751953,370.486,12480,20992,12606.7,21243.2,188.95,98.55844381,8636.5,1.330874776,0.0008706686737,4.289770162
37,7.23E+06,0.733266,0.0102668,1.81298,96.0664,1.26172,280.899,11968,16256,12060.1,16443.6,139.85,97.82137561,4383.5,2.191545569,0.02878339227,6.408098551
38,7.42E+06,0.826497,0.132354,1.33909,101.48,16.2852,185.584,11776,14400,11914.5,14546.9,142.7,99.68089956,2632.4,3.855037228,0.6186445829,7.049992402
39,7.62E+06,1.67693,0.000495908,7.65539,341.94,0.0761719,4275.12,13824,78848,14153,82377.2,1929.1,95.30928908,68224.2,0.5012004538,0.0001116493854,6.26628088
40,7.81E+06,1.91369,0.00150621,8.89692,860.328,0.298828,9602.5,18944,184320,19536.5,191070,3671.25,96.41032218,171533.5,0.501551009,0.0001742097025,5.598031871
41,8.01E+06,7.07971,0.000520183,86.8588,36494.1,0.9375,738883,32768,1.19E+07,138986,1.25E+07,348809,9.61E+01,12380014,0.2947823807,0.000007572689336,5.968353509
42,8.20E+06,1.85166,0.00168241,6.75355,2169.62,1.78125,19362.6,43008,356352,43366.8,367367,5686.9,96.71105141,324000.2,0.6696353891,0.0005497681792,5.976107422
43,8.40E+06,3.03932,0.000953665,22.3147,10579.4,2.84375,146180,107008,2.10E+06,111284,2.20E+06,55448,9.51E+01,2092486,0.5055900016,0.0001359029403,6.985948771
44,8.59E+06,3.36854,0.000398721,17.9688,35211.2,3.25,515828,296960,7.44E+06,329601,7.82E+06,205535.5,9.54E+01,7487169,0.4702872341,0.00004340759505,6.889493212
45,8.79E+06,4.43276,0.000227651,52.7845,24369.7,0.578125,410980,83968,5.51E+06,153023,5.82E+06,192922.5,9.56E+01,5668787,0.4298926737,0.00001019838988,7.249875502
46,8.98E+06,4.63863,0.00017835,35.5218,28012.6,3.03125,472778,183296,6.36E+06,227578,6.68E+06,183821,9.57E+01,6452772,0.4341173065,0.0000469759353,7.326742677
47,9.18E+06,7.73086,0.00262948,119.881,3.12E+06,355,5.65E+07,1.44E+06,6.17E+08,9.84E+06,6.56E+08,2.40E+07,9.52E+01,646352420,4.82E-01,0.00005492359725,8.74E+00
48,9.38E+06,6.53526,0.000887611,65.1251,1.75E+06,178,3.24E+07,5.01E+06,3.82E+08,6.23E+06,4.02E+08,1.09E+07,9.51E+01,396087180,4.42E-01,0.00004493960143,8.18E+00
49,9.57E+06,2.06031,0.000267807,10.3097,5379.73,0.671875,39808.9,152576,602112,155528,638904,19872,92.99923869,483376,1.11294934,0.0001389963507,8.235597133
50,9.77E+06,5.30347,0.000164177,71.9785,49153.7,1.0625,1.17E+06,120832,1.09E+07,328977,1.18E+07,506972.5,9.48E+01,11421323,0.4303678304,0.000009302775169,1.03E+01
51,9.96E+06,4.21783,0.000370182,44.0598,61784.2,2.5625,1.10E+06,348160,1.10E+07,396608,1.18E+07,432024,9.33E+01,11428992,0.5405918562,0.00002242104991,9.65E+00
52,1.02E+07,5.15836,0.00124843,71.3289,1.85E+06,203,3.04E+07,5.01E+06,3.19E+08,9.79E+06,3.40E+08,1.30E+07,9.50E+01,330113090,5.62E-01,0.00006149407768,9.21E+00
53,1.04E+07,6.77156,4.14E-05,58.4017,1.91E+06,12,2.64E+07,4.65E+06,2.37E+08,7.48E+06,2.58E+08,1.20E+07,9.27E+01,250606790,7.61E-01,0.000004788377841,1.05E+01
54,1.05E+07,1.99663,0.000110426,7.32016,6480.94,0.34375,43998.1,224256,581632,226018,610564,15347,92.93452539,384546,1.685348437,0.00008939112616,11.44157006
55,1.07E+07,3.07014,0.000562169,27.6306,15520.9,1.75,282410,219136,2.49E+06,266476,2.71E+06,135650,9.28E+01,2447854,0.6340615086,0.00007149119188,11.53704428
56,1.09E+07,2.53203,0.000108991,9.88324,12582.5,0.375,120604,268288,1.27E+06,278421,1.37E+06,55911.5,9.16E+01,1093029,1.151158844,0.00003430833034,11.03392499
57,1.11E+07,10.008,0.000525726,146.733,6.75E+06,164,1.59E+08,-1.34E+07,1.29E+09,1.59E+07,1.42E+09,7.75E+07,9.31E+01,1401649900,4.81E-01,0.00001170049668,1.14E+01
58,1.13E+07,9.54842,0.00123367,129.836,635593,135.75,1.34E+07,-860160,1.16E+08,1.61E+06,1.26E+08,6.23E+06,9.40E+01,124774650,0.5093927332,0.0001087961377,1.07E+01
59,1.15E+07,10.2637,0.001208,199.551,6.78E+06,304,1.47E+08,-1.89E+07,1.17E+09,1.61E+07,1.28E+09,6.90E+07,9.46E+01,1261313500,5.38E-01,0.0000241018589,1.17E+01
60,1.17E+07,2.63519,0.000423307,13.8178,11752.7,2.6875,131506,250880,1.27E+06,259025,1.38E+06,57192.5,9.12E+01,1116975,1.052190067,0.000240605206,11.77340585
61,1.19E+07,2.83744,0.000453142,12.5533,16341.6,1.53125,223618,278528,1.97E+06,294559,2.16E+06,99170.5,9.11E+01,1862021,0.8776270515,0.00008223591463,12.00942417
62,1.21E+07,9.95591,0.0025606,185.236,236439,36.5,5.61E+06,-778240,4.19E+07,654280,4.65E+07,3009010,9.31E+01,45874220,0.5154071284,0.00007956538553,1.22E+01
63,1.23E+07,2.43582,5.34E-05,15.7159,8118.01,0.15625,65988.9,205824,823296,226537,887357,42387,93.44027118,660820,1.228475228,0.00002364486547,9.985911443
64,1.25E+07,4.58217,0.00127763,36.6529,40456.7,5.46875,716613,282624,5.51E+06,338554,6.11E+06,328295,9.06E+01,5767126,0.7015053945,0.00009482626182,12.42582527
65,1.27E+07,3.71278,0.000450372,14.64,29616.5,2.09375,315727,393216,2.46E+06,407581,2.74E+06,148537.5,8.85E+01,2332729,1.2696074,0.0000897553895,13.53466262
66,1.29E+07,9.62435,0.000237905,99.847,3.13E+06,782,7.52E+07,37376,4.87E+08,9.39E+06,5.49E+08,3.61E+07,9.01E+01,539977320,5.79E-01,0.0001448208973,1.39E+01
67,1.31E+07,6.91556,0.0020972,60.7203,142205,39,3.05E+06,614400,2.10E+07,723110,2.35E+07,1329305,8.93E+01,22798290,0.6237529218,0.0001710654615,1.34E+01
68,1.33E+07,2.31875,0.0002255,8.93092,6793.68,0.46875,45591.2,177152,487424,176880,521192,16748,90.11361788,344312,1.973117405,0.0001361410581,13.24124631
69,1.35E+07,6.35351,0.000337298,70.9295,168592,5.25,2.67E+06,419840,1.98E+07,969367,2.22E+07,1498963.5,9.11E+01,21270933,0.7925933479,0.00002468156897,1.26E+01
70,1.37E+07,10.478,0.00289498,180.14,1.82E+07,3248,4.81E+08,-6.21E+07,3.09E+09,5.07E+07,3.46E+09,2.44E+08,9.23E+01,3412102700,5.34E-01,0.00009519056973,1.41E+01
71,1.39E+07,6.49405,0.00162688,96.6526,67969,9.0625,1.60E+06,19072,9.57E+06,407138,1.07E+07,782753,9.24E+01,10338562,0.6574318556,0.00008765725833,1.55E+01
72,1.41E+07,10.6867,0.000782007,143.148,2.61E+07,1312,6.54E+08,-5.92E+07,4.08E+09,8.49E+07,4.61E+09,3.37E+08,9.15E+01,4521988500,5.77E-01,0.00002901378453,1.45E+01
73,1.43E+07,11.1347,0.000213074,156.414,481446,3.875,1.14E+07,-1.29E+06,6.82E+07,1.25E+06,7.83E+07,6.36E+06,9.01E+01,77083450,0.6245776493,0.000005027019419,1.48E+01
74,1.45E+07,10.9894,0.00053977,194.957,289647,6.5,7.06E+06,-917504,4.22E+07,905061,4.81E+07,3875482.5,9.13E+01,47228539,0.6132880799,0.00001376286486,1.50E+01
75,1.46E+07,10.8923,0.000451203,211.587,7.34E+06,220,1.65E+08,-2.71E+07,1.13E+09,1.74E+07,1.29E+09,1.01E+08,9.12E+01,1271903900,5.77E-01,0.00001729690427,1.30E+01
76,1.48E+07,13.1352,0.00376222,181.48,1.51E+07,2288,3.75E+08,-5.19E+07,2.42E+09,3.75E+07,2.79E+09,2.32E+08,8.96E+01,2753490400,5.47E-01,0.0000830945334,1.36E+01
77,1.50E+07,8.32667,0.00172693,110.699,830671,73,1.54E+07,-436224,9.44E+07,3.38E+06,1.08E+08,8.56E+06,9.09E+01,104284050,0.7965465476,0.00007000111714,1.48E+01
78,1.52E+07,7.11334,0.000343322,64.398,382334,11.25,5.92E+06,1.16E+06,3.57E+07,1.91E+06,4.07E+07,2.91E+06,8.88E+01,38829700,0.9846431984,0.00002897266783,1.52E+01
79,1.54E+07,8.59913,6.63E-05,105.247,783845,3,1.36E+07,-249856,8.65E+07,2.78E+06,9.86E+07,7.57E+06,9.05E+01,95838100,0.8178845365,0.000003130279085,1.42E+01
80,1.56E+07,5.44685,0.000458759,36.238,136802,5.75,1.94E+06,847872,1.36E+07,831032,1.55E+07,937530,8.70E+01,14626868,0.9352788307,0.00003931121823,1.33E+01
81,1.58E+07,11.6056,0.00258768,175.91,9.79E+06,1160,2.25E+08,-1.68E+07,1.41E+09,2.76E+07,1.62E+09,1.28E+08,8.95E+01,1592907500,6.15E-01,0.00007282280986,1.41E+01
82,1.60E+07,12.4725,0.00188693,197.914,2.10E+06,323.5,4.68E+07,-2.79E+06,2.85E+08,5.53E+06,3.26E+08,2.48E+07,8.97E+01,320926980,6.53E-01,0.0001008017462,1.46E+01
83,1.62E+07,12.4395,0.00093249,179.905,3.44E+06,176,7.61E+07,-6.82E+06,4.51E+08,8.09E+06,5.18E+08,4.08E+07,8.98E+01,509504530,6.76E-01,0.00003454336314,1.49E+01
84,1.64E+07,5.18227,0.000554087,65.8369,27025.5,2.03125,569409,99328,3.38E+06,244587,3.86E+06,315054.5,9.06E+01,3615363,0.747518299,0.00005618384655,15.7497048
85,1.66E+07,12.6071,0.00390331,194.015,344801,44.125,8.61E+06,-1.49E+06,4.82E+07,884546,5.59E+07,5.03E+06,9.03E+01,55042254,0.6264296517,0.00008016568508,1.56E+01
86,1.68E+07,13.6545,4.59E-05,247.103,2.21E+08,512,4.80E+09,-1.01E+09,2.86E+10,5.42E+08,3.30E+10,2.99E+09,9.11E+01,32483001000,6.82E-01,0.000001576209045,1.48E+01
87,1.70E+07,6.84514,0.00103938,72.5365,42604.4,4.40625,735882,98304,4.23E+06,286074,4.87E+06,415655,9.01E+01,4584536,0.9293066954,0.00009611114407,16.05139539
88,1.72E+07,4.1211,0.0013905,25.6684,14114.8,3.53125,124490,193536,1.06E+06,215432,1.18E+06,72273,8.95E+01,963988,1.464209098,0.0003663168006,12.91406117
89,1.74E+07,15.3574,0.00150654,315.446,821716,55.5,1.93E+07,-4.78E+06,1.09E+08,1.96E+06,1.27E+08,1.21E+07,9.14E+01,124573550,0.6596231704,0.00004455199358,1.55E+01
90,1.76E+07,11.3278,0.000214697,134.76,3.83E+07,448,6.14E+08,-6.68E+07,3.52E+09,1.28E+08,4.09E+09,3.79E+08,9.07E+01,3957498000,9.67E-01,0.00001132028367,1.55E+01
91,1.78E+07,16.6488,0.000272839,345.82,1.49E+07,216,3.65E+08,-1.03E+08,2.16E+09,3.18E+07,2.53E+09,2.49E+08,9.08E+01,2496203300,5.96E-01,0.000008653141353,1.46E+01
92,1.80E+07,16.6608,0.000208412,378.869,948398,32,2.51E+07,-6.91E+06,1.38E+08,2.06E+06,1.62E+08,1.61E+07,9.11E+01,159516010,0.5945472182,0.00002006068231,1.57E+01
93,1.82E+07,11.1122,0.000383599,194.512,582760,11.25,1.53E+07,-2.16E+06,8.44E+07,2.08E+06,9.78E+07,8.82E+06,9.04E+01,95720910,0.6088115961,0.00001175291794,1.60E+01
94,1.84E+07,4.21023,1.41E-05,29.7758,12771.1,0.03125,150459,144384,1.00E+06,184419,1.12E+06,80347.5,9.14E+01,939761,1.358973186,0.000003325313564,16.01034731
95,1.86E+07,6.51461,0.00133629,91.6545,31369.3,4.625,766604,25728,3.93E+06,221869,4.58E+06,422545.5,8.96E+01,4359241,0.7196046284,0.0001060964512,17.58572192
96,1.88E+07,4.37364,0.000314153,24.6277,13742.2,0.875,151950,154624,987136,181574,1.13E+06,82472,8.82E+01,943556,1.45642654,0.00009273429452,16.10397263
97,1.89E+07,5.25319,3.37E-05,27.3537,20905.3,0.09375,198918,186368,1.26E+06,227806,1.45E+06,113419,8.82E+01,1219164,1.714724188,0.000007689695562,16.31593453
98,1.91E+07,6.04842,0.000171661,79.6393,23406.1,0.453125,519895,48384,2.80E+06,200109,3.28E+06,314962.5,8.94E+01,3079751,0.7599997532,0.00001471304011,16.88107253
99,1.93E+07,7.26068,0.00082162,106.522,34052.9,3.0625,907294,-19072,4.55E+06,235521,5.35E+06,527281.5,8.93E+01,5119199,0.6651997705,0.00005982381228,17.72335867
100,1.95E+07,4.0872,0.000238418,32.9657,11532.1,0.765625,168036,128000,987136,173305,1.14E+06,97139.5,8.92E+01,962805,1.19776071,0.00007952025592,17.45275523
101,1.97E+07,3.91399,0.000373683,35.5978,10999.9,0.9375,176253,118272,1.00E+06,169767,1.16E+06,104932.5,8.92E+01,992123,1.108723414,0.00009449433185,17.76523677
102,1.99E+07,4.57306,0.000444097,35.1288,13544.5,1.21875,182274,131072,1.00E+06,183330,1.16E+06,105799,8.91E+01,979530,1.382754995,0.0001244219166,18.60831215
103,2.01E+07,5.72861,0.00022362,59.9269,22085.2,0.53125,446325,114688,2.62E+06,203678,3.03E+06,251080,8.85E+01,2830932,0.7801388377,0.00001876590466,15.76600922
104,2.03E+07,3.7082,0.000557396,35.4133,9565.29,1.25,157376,110592,925696,159843,1.07E+06,96592.5,8.96E+01,909787,1.051376861,0.0001373947968,17.29811483
105,2.05E+07,3.79004,0.000138716,30.5673,10186,0.28125,133832,124416,856064,165467,988936,86961.5,88.84948917,823469,1.236962169,0.00003415429118,16.25222079
106,2.07E+07,3.54638,2.79E-05,31.4588,8648.76,0.046875,129119,120832,798720,157501,916896,77422.5,89.26685059,759395,1.138901362,0.000006172676934,17.00287729
107,2.09E+07,2.9737,2.45E-05,32.5394,6628.76,0.046875,122775,107520,765952,142550,881423,75250.5,89.11301401,738873,0.8971447055,0.000006344121385,16.61652273
108,2.11E+07,9.0769,1.36E-05,117.513,61788.2,0.0625,1.48E+06,-83456,7.60E+06,339017,9.03E+06,924501.5,8.84E+01,8689693,0.7110515872,0.0000007192429008,1.70E+01
109,2.13E+07,5.87117,0.000757282,78.7676,18685.3,2.09375,412318,43520,2.26E+06,175083,2.67E+06,268961.5,8.90E+01,2492267,0.7497310681,0.0000840098593,16.54389357
110,2.15E+07,18.4165,0.00130176,443.731,1.48E+06,75.5,3.79E+07,-9.57E+06,1.97E+08,2.88E+06,2.34E+08,2.46E+07,8.95E+01,230958850,6.39E-01,0.000032689806,1.64E+01
111,2.17E+07,16.3909,0.000504021,221.28,2.31E+07,292,7.30E+08,-1.37E+08,3.44E+09,4.76E+07,4.12E+09,4.33E+08,8.78E+01,4073706500,5.66E-01,0.000007167919437,1.79E+01
112,2.19E+07,17.2174,0.000701899,238.705,6.48E+06,138,2.10E+08,-4.27E+07,9.40E+08,1.16E+07,1.14E+09,1.26E+08,8.72E+01,1126379600,5.75E-01,0.00001225164234,1.87E+01
113,2.21E+07,3.0478,0.00047182,39.198,6379.88,0.734375,137969,98304,823296,131510,953691,81800.5,88.17912357,822181,0.7759702547,0.00008932035647,16.78085482
114,2.23E+07,2.91635,0.000141748,35.8653,5862.6,0.265625,125240,102912,712704,135822,819962,70084,89.13263367,684140,0.8569298682,0.00003882611746,18.30619464
115,2.25E+07,6.97606,0.00095653,108.539,23590.4,2.5625,679496,-21888,3.16E+06,178746,3.83E+06,436142,8.71E+01,3655014,0.6454257084,0.00007010917058,18.59079062
116,2.27E+07,2.52158,3.62E-05,28.3203,4656.63,0.078125,85268.1,105472,528384,124940,608865,49974.5,87.39205455,483925,0.9622627473,0.00001614403058,17.62010642
117,2.29E+07,2.50751,0.000168373,27.0297,4637.52,0.25,82144.3,108032,524288,131492,604961,52066.5,87.91620993,473469,0.9794770091,0.00005280176738,17.34945688
118,2.30E+07,6.45359,0.000381471,105.275,19283.7,0.9375,582195,19072,2.65E+06,165376,3.18E+06,336852,8.74E+01,3016234,0.6393303703,0.00003108180599,19.30205017
119,2.32E+07,1.87622,0.000115403,17.8639,3115.04,0.140625,47529.8,110592,342016,117168,383339,23949.5,86.94561015,266171,1.170315324,0.00005283257755,17.85686645
120,2.34E+07,2.3485,0.000133071,24.2957,4138.87,0.234375,68034.8,113152,440320,125596,502614,37369,86.77781963,377018,1.097791087,0.0000621654669,18.04550446
121,2.36E+07,1.9274,0.000173739,16.9455,3252.84,0.3125,45416.2,115200,331776,123405,375088,25758.5,86.05110397,251683,1.292435325,0.0001241641271,18.04500105
122,2.38E+07,2.20746,8.31E-05,17.2037,3844.35,0.15625,45952.7,116224,331776,121565,374754,24159.5,85.13482023,253189,1.518371651,0.00006171279163,18.14956416
123,2.40E+07,1.95105,0.000154404,17.2926,3284.79,0.265625,45337,116224,325632,123093,365556,23396.5,86.36699208,242463,1.354759283,0.0001095527977,18.69852307
124,2.42E+07,1.90598,0.000177428,15.4496,3151.36,0.3125,41259,118272,303104,120307,339928,19429.5,84.15952937,219621,1.434908319,0.0001422905824,18.78645485
125,2.44E+07,1.798,8.57E-05,16.0083,2924.73,0.15625,39794,114688,299008,116848,336754,19953,83.81763117,219906,1.329990996,0.00007105308632,18.09591371
126,2.46E+07,2.28717,0.00112751,32.6642,4068.52,1.98438,85553.9,107520,505856,123371,587314,48654.5,85.85882317,463943,0.8769439349,0.0004277206467,18.44060585
127,2.48E+07,1.78242,0.000115756,14.8115,2913.49,0.171875,37881.3,114688,286720,117380,321487,18729.5,84.28520335,204107,1.42743267,0.00008420828291,18.55953005
128,2.50E+07,11.2018,0.000618386,203.099,48568.2,2.40625,1.69E+06,-352256,6.91E+06,169410,8.56E+06,1082643,8.66E+01,8388260,0.5790020815,0.00002868592533,2.01E+01
129,2.52E+07,2.32186,0.000195626,24.0626,4163.67,0.390625,71819.2,120832,452608,124651,520450,35830.5,83.8243654,395799,1.051965771,0.00009869277083,18.14537177
130,2.54E+07,1.63425,0.000223796,11.9834,2654.19,0.3125,30542.1,118272,253952,117589,281327,13346,82.86408775,163738,1.62099818,0.0001908536809,18.65303106
131,2.56E+07,1.59059,0.000239227,12.5179,2553.45,0.289062,31582.6,114688,253952,115488,284522,15685,82.3881586,169034,1.510613249,0.0001710081995,18.68417005
132,2.58E+07,1.75862,0.000321239,12.0729,2809.07,0.4375,32201.1,117248,248832,116811,275280,13005.5,83.03453672,158469,1.772630609,0.0002760792332,20.3201257
133,2.60E+07,1.8013,0.000408719,16.5751,2984.21,0.703125,37144.9,116224,301056,118918,338201,19919.5,84.28925179,219283,1.360894369,0.0003206472914,16.93925202
134,2.62E+07,2.79925,0.000495101,49.0994,5014.69,0.953125,138792,86016,626688,120993,752005,80147,85.68331506,631012,0.7947059644,0.0001510470482,21.99514431
135,2.64E+07,2.78773,7.52E-05,54.6223,5165.98,0.109375,143469,81920,696320,127673,835599,92516,86.78873216,707926,0.7297344638,0.00001545006116,20.26610126
136,2.66E+07,1.8314,0.000326973,10.2019,2982.27,0.5625,24309,119808,253952,120062,259599,2950.5,96.13507528,139537,2.137261085,0.000403118886,17.42118578
137,2.68E+07,4.64926,2.46E-05,92.1941,9906.06,0.046875,317028,36352,1.47E+06,129530,1.79E+06,205104,8.65E+01,1662060,0.5960109743,0.000002820295296,19.07440165
138,2.70E+07,1.66848,1.27E-05,7.68245,2684.4,0.015625,14997.8,118784,256000,118839,261721,2888,96.03449,142882,1.878753097,0.00001093559721,10.49663359
139,2.71E+07,4.50662,0.000213623,70.0684,9899.55,0.4375,233648,79360,1.23E+06,146754,1.46E+06,148657,8.76E+01,1311966,0.7545584261,0.00003334690076,17.8089981
140,2.73E+07,2.29925,0,40.0626,3998.78,0,106090,99328,524288,119213,622186,58891.5,84.48962469,502973,0.795028759,0,21.0925835
141,2.75E+07,1.48654,0.000313966,5.29947,2356.24,0.390625,9573.38,116224,258048,116926,265202,3928,95.64865521,148276,1.589090615,0.0002634445224,6.456459575
142,2.77E+07,1.53963,0.00243512,7.53526,2468.94,3.05469,14080.2,117248,262144,118566,267359,3266.5,97.38092518,148793,1.65931193,0.002052979643,9.462945165
143,2.79E+07,1.55133,0.000251095,8.18805,2511.58,0.40625,16688.7,118272,262144,119127,269913,4312,95.41469367,150786,1.665658616,0.0002694215643,11.0678047
144,2.81E+07,1.42991,0.000467938,5.09232,2297.97,0.71875,10133,116224,264192,117251,271449,4142,95.95974007,154198,1.490272247,0.0004661214802,6.57142116
145,2.83E+07,1.54551,6.63E-05,8.26019,2536.09,0.125,17794.7,119808,268288,120490,276042,4218,95.45361037,155552,1.630380837,0.00008035897963,11.43971148
146,2.85E+07,1.39036,0.000296526,5.20258,2253.74,0.375,10642.6,117248,268288,118124,276132,4360,95.5900967,158008,1.426345501,0.0002373297555,6.735481748
147,2.87E+07,1.5586,0.00022682,8.36326,2583.99,0.34375,17943.5,120832,272384,121538,280628,4475,95.2618015,159090,1.624231567,0.0002160726633,11.27883588
148,2.89E+07,1.47309,2.01E-05,6.81855,2437.9,0.03125,12588.4,119808,274432,121045,281753,4279,96.21425194,160708,1.516974886,0.00001944520497,7.833088583
149,2.91E+07,1.37327,0.000131259,5.53108,2261.76,0.25,10583.6,118272,274432,120147,282285,4864,96.31301731,162138,1.394959849,0.0001541896409,6.527525935
150,2.93E+07,1.65195,0.000357627,5.79866,2742.48,0.554688,12041.3,119808,278528,121919,286070,4826.5,96.69146091,164151,1.670705631,0.0003379132628,7.335502068
151,2.95E+07,1.41007,0.000447436,5.37175,2372.69,0.609375,10898.5,121856,278528,122913,287863,5196,94.98150955,164950,1.438429827,0.0003694301303,6.607153683
152,2.97E+07,1.34235,0.000136938,5.175,2251.02,0.21875,10667,120832,278528,121925,288880,5722.5,94.45419424,166955,1.348279477,0.0001310233296,6.389146776
153,2.99E+07,1.34309,0.000466509,5.23087,2283.9,0.75,11695.6,121856,282624,123837,292435,5896,95.35581679,168598,1.354642404,0.0004448451346,6.936974341
154,3.01E+07,1.38925,6.47E-05,5.78126,2397.26,0.109375,11284.4,123392,286720,124857,295956,5350.5,95.45818503,171099,1.401095272,0.00006392497911,6.595246027
155,3.03E+07,1.36097,0.000252954,5.28877,2362.54,0.484375,11181.4,124416,288768,125258,297971,5022.5,95.15902103,172713,1.367899347,0.0002804508057,6.47397706
156,3.05E+07,1.29631,0.000626297,5.10408,2237.61,0.859375,11419.4,123392,288768,124963,298255,5529,95.43198763,173292,1.291236756,0.0004959115251,6.589686771
157,3.07E+07,1.62503,0.000729286,7.20688,2846.2,1.01562,15667.4,125440,292864,127108,302838,5821,95.27343083,175730,1.619643772,0.000577943436,8.915609173
158,3.09E+07,1.49978,1.86E-05,9.25176,2684.49,0.03125,24807.9,128000,294912,128919,305069,5538,94.75560602,176150,1.523979563,0.00001774056202,14.08339483
159,3.11E+07,1.52028,0.000714647,5.54339,2650.76,1.15625,13459.2,125440,294912,126998,304917,5781.5,95.25233393,177919,1.489868985,0.000649874381,7.564790719
160,3.13E+07,1.31028,1.91E-05,5.16453,2351.55,0.03125,12598.8,128000,296960,129745,307511,6148,95.04629682,177766,1.322834513,0.00001757928963,7.087294533
161,3.14E+07,1.64685,5.34E-05,9.26824,2986.96,0.09375,24683.7,129024,299008,131514,310110,6796,95.17794351,178596,1.672467468,0.00005249277699,13.82097023
162,3.16E+07,1.2456,0.000141576,5.11956,2251.57,0.28125,13270.5,129024,299008,130318,310715,6500.5,94.22773106,180397,1.248119425,0.0001559061403,7.356275326
163,3.18E+07,1.45289,1.02E-05,5.69401,2654.11,0.015625,14102.2,130048,303104,132491,313495,6417,95.60893682,181004,1.466326711,0.000008632405914,7.791098539
164,3.20E+07,1.44476,8.92E-05,5.79953,2641.29,0.140625,14321.7,130048,303104,132909,313957,6857,95.58570103,181048,1.458889355,0.00007767277186,7.910443639
165,3.22E+07,1.44859,0.000124331,5.72684,2630.79,0.171875,13846.9,131072,303104,132481,313385,5845,95.09574139,180904,1.454246451,0.00009500895503,7.654280723
166,3.24E+07,1.43965,0.000598759,5.84941,2657.31,0.96875,14759.7,132096,305152,134911,315995,6829,95.56669833,181084,1.467446047,0.0005349727198,8.150747719
167,3.26E+07,1.43896,0.000570015,5.97107,2684.53,1,14967,134144,309248,136710,318544,5931,96.298822,181834,1.476363056,0.0005499521542,8.231133891
168,3.28E+07,1.43685,0.000403673,5.84828,2672.84,0.78125,14632.7,134144,309248,136430,320178,6608,95.29573111,183748,1.454622635,0.0004251746958,7.963460827
169,3.30E+07,1.41264,0.000121262,5.90379,2688.22,0.1875,14691.3,137216,313344,139289,324311,6520,95.19300408,185022,1.452919112,0.0001013393002,7.940298991
170,3.32E+07,1.4402,0.00095653,6.16552,2756.54,1.78125,15126.1,138240,315392,140608,326709,6842.5,95.19132084,186101,1.481206442,0.0009571415522,8.127898292
171,3.34E+07,1.41055,3.41E-05,5.91999,2693.3,0.0625,15307.4,138240,315392,140074,327288,6865,94.62540195,187214,1.438621043,0.00003338425545,8.17641843
172,3.36E+07,1.42098,0.000166796,6.12773,2734.19,0.40625,14599.2,139264,315392,141394,328445,7591.5,94.16041614,187051,1.461735035,0.0002171867566,7.804930206
173,3.38E+07,1.42187,6.01E-05,6.01873,2760.32,0.125,16371.3,140288,319488,142838,330817,6939.5,95.32979748,187979,1.468419345,0.00006649678954,8.709111124
174,3.40E+07,1.60788,0.000102703,6.47586,3087.98,0.21875,17625,139264,319488,142290,332029,7783.5,94.98521653,189739,1.627488287,0.0001152899509,9.289076047
175,3.42E+07,1.41926,0.000171662,5.94902,2792.74,0.28125,16183.1,142336,325632,144710,336934,6838,95.35541868,192224,1.452857083,0.0001463136757,8.418875895
176,3.44E+07,1.46679,0.00017049,6.21053,2924.89,0.3125,16256.7,145408,327680,146873,341672,7728.5,93.56926884,194799,1.501491281,0.0001604217681,8.345371383
177,3.46E+07,1.59025,0.00101449,6.30186,3152.86,1.92188,17634.4,144384,329728,146660,342477,7512.5,94.65163903,195817,1.610105353,0.0009814673905,9.005551101
178,3.48E+07,1.5548,4.38E-05,6.23789,3125.43,0.078125,17576.4,146432,331776,147803,345795,7695,93.61186311,197992,1.57856378,0.000039458665,8.877328377
179,3.50E+07,1.46762,0.000383556,5.86642,2973.33,0.71875,16644.9,147456,333824,148838,347829,7693.5,93.65649703,198991,1.494203255,0.0003611972401,8.364649658
180,3.52E+07,1.39228,0.000404294,5.77076,2817.18,0.859375,17413.8,147456,333824,148675,348803,8099,93.12440038,200128,1.407689079,0.0004294126759,8.701331148
181,3.54E+07,1.57915,0.000174603,6.52733,3226.06,0.359375,19349.3,149504,339968,151130,353344,7501,94.18932418,202214,1.595369262,0.0001777201381,9.568724223
182,3.55E+07,1.55757,0.000684848,6.42381,3226.64,1.78125,18807.3,151552,344064,152831,356983,7099,94.29836592,204152,1.580508641,0.000872511658,9.212400564
183,3.57E+07,1.39129,0.000190735,6.05968,2901.48,0.46875,18378.2,152576,344064,154038,360551,8974.5,92.72442897,206513,1.404986611,0.0002269832892,8.899294475
184,3.59E+07,1.56759,0.000170403,6.29318,3316.25,0.34375,18684.4,154624,350208,158249,366382,9899.5,93.97068221,208133,1.593332148,0.0001651588167,8.977144422
185,3.61E+07,1.57227,0.000582751,6.49895,3348.57,1.1875,21113.5,155648,354304,159311,370162,9760.5,94.21629492,210851,1.58812147,0.0005631939142,10.01346923
186,3.63E+07,1.60123,0.000186843,6.49767,3398.47,0.46875,21187.3,155648,354304,159376,370180,9802,94.237301,210804,1.612146828,0.0002223629533,10.05071061
187,3.65E+07,1.46015,4.72E-05,6.24434,3158.85,0.09375,20047.5,159744,356352,162400,372914,9609,93.39426356,210514,1.500541532,0.00004453385523,9.523119602
188,3.67E+07,1.56943,2.08E-05,6.69384,3404.83,0.046875,21155,160768,358400,163629,374173,9317,93.86731515,210544,1.617158409,0.00002226375484,10.04778099
189,3.69E+07,1.56084,7.13E-06,6.42708,3366.28,0.015625,22718.2,158720,356352,162704,373884,10758,93.58461976,211180,1.594033526,0.000007398901411,10.75774221
190,3.71E+07,1.6668,4.15E-05,6.9405,3671.41,0.078125,21249.9,163840,362496,166577,380265,10253,92.96544495,213688,1.718117068,0.00003656031223,9.94435813
191,3.73E+07,1.51808,0.000261377,6.49928,3395.26,0.578125,21913.2,166912,364544,168929,383372,10422.5,92.16062077,214443,1.58329253,0.0002695937848,10.2186595
192,3.75E+07,1.54088,0.000116184,6.50977,3466.67,0.234375,21931.2,168960,366592,170195,385754,10198.5,91.68348341,215559,1.608223271,0.0001087289327,10.17410547
193,3.77E+07,1.53726,7.85E-05,6.59639,3523.81,0.21875,23227.6,172032,372736,173240,390723,9597.5,92.28491422,217483,1.62026917,0.0001005825743,10.6801911
194,3.79E+07,1.65184,0.000123303,6.64429,3797.35,0.25,23609.7,173056,372736,174983,391435,10313,92.25139985,216452,1.754361244,0.0001154990483,10.90759152
195,3.81E+07,1.51616,0.000138089,6.4646,3452.33,0.3125,21184.3,172032,370688,172991,387012,8641.5,92.82079796,214021,1.613080025,0.0001460137089,9.898234285
196,3.83E+07,1.52669,6.10E-05,6.25253,3539.22,0.125,22761.7,176128,374784,176545,390660,8146.5,92.7800481,214115,1.652952852,0.00005837984261,10.63059571
197,3.85E+07,1.62689,0.000259903,6.82731,3801.45,0.484375,23050.7,177152,378880,178990,393048,8003,94.23987891,214058,1.775897187,0.0002262821291,10.76843659
198,3.87E+07,1.64075,9.54E-05,6.90495,3853.76,0.21875,23835,179200,382976,179987,396287,7049,94.20989367,216300,1.781673601,0.0001011326861,11.01941748
199,3.89E+07,1.48393,0.000187136,6.51852,3573.3,0.40625,22805.5,183296,387072,184781,401919,8166,93.84630972,217138,1.645635494,0.0001870930008,10.50276783
200,3.91E+07,1.60082,8.48E-05,6.93033,3891.07,0.1875,23938.7,186368,393216,186852,406421,6844.5,94.20637704,219569,1.772139965,0.00008539456845,10.90258643
201,3.93E+07,1.60466,0.000125922,6.67732,3882.33,0.265625,22750.3,185344,393216,186470,405726,6818,94.80789579,219256,1.770683584,0.000121148338,10.37613566
202,3.95E+07,11.537,0.000597763,283.822,52767.7,2.375,1.71E+06,-638976,6.95E+06,263014,8.57E+06,1263330,9.13E+01,8308476,0.6351068475,0.00002858526642,2.06E+01
203,3.96E+07,1.48343,0.000279744,6.38839,3677.03,0.6875,25760.6,191488,399360,191750,412962,6932,93.96958574,221212,1.662219952,0.0003107878415,11.64520912
204,3.98E+07,1.6155,0.000819447,6.72322,4008.16,1.8125,26017.1,191488,401408,193102,415058,7632,94.57730361,221956,1.805835391,0.0008166032907,11.72173764
205,4.00E+07,1.61636,0.000114728,7.05784,4089.37,0.3125,25124.2,196608,407552,196740,421560,7070,93.82795125,224820,1.81895294,0.000139000089,11.17525131
206,4.02E+07,1.49942,9.62E-05,6.25439,3858.53,0.21875,24442.3,199680,413696,200590,427681,7447.5,94.24239622,227091,1.69911181,0.00009632702309,10.76321827
207,4.04E+07,1.5782,0.000337585,6.78533,4088.68,0.78125,25908.2,200704,417792,202706,433139,8674.5,94.20872878,230433,1.774346556,0.0003390356416,11.24326811
208,4.06E+07,1.60399,0.00081908,6.80644,4244,1.9375,26919.9,206848,425984,208285,440678,8065.5,94.29543919,232393,1.826216797,0.0008337170225,11.58378264
209,4.08E+07,1.62659,4.73E-05,6.95248,4314.36,0.109375,25989.8,208896,425984,209422,444177,9359.5,92.4742817,234755,1.837813891,0.00004659112692,11.0710315
210,4.10E+07,1.49967,0.000632342,6.46438,3960.21,1.4375,25275.6,206848,425984,208126,441020,8157,94.09259148,232894,1.700434532,0.0006172335912,10.85283434
211,4.12E+07,1.61239,0.000273386,6.81336,4295.68,0.671875,27675.6,208896,425984,210907,443910,9968.5,93.16961584,233003,1.843615747,0.0002883546564,11.87778698
212,4.14E+07,1.59153,0.000358648,6.69023,4302.59,0.859375,28746.9,212992,432128,214410,450619,9954.5,92.77207896,236209,1.821518232,0.0003638197528,12.17011206
213,4.16E+07,1.69745,1.23E-05,6.80142,4653.06,0.03125,29858.2,214016,440320,217540,460032,11618,93.32431585,242492,1.918850931,0.00001288702308,12.313066
214,4.18E+07,1.61329,0.000526789,6.42994,4529.17,1.35938,29554.2,221184,450560,223208,470867,11165.5,92.61767188,247659,1.828792816,0.000548891823,11.93342459
215,4.20E+07,1.63202,0.000378417,6.31468,4648.08,0.96875,29633.2,226304,456704,227652,477541,11092.5,92.20093722,249889,1.860057866,0.0003876721264,11.85854519
216,4.22E+07,1.57738,0.000286101,6.1052,4518.9,0.75,28630.3,227328,458752,228672,479374,10983,92.31039242,250702,1.802498584,0.0002991599588,11.42005249
217,4.24E+07,1.71022,0.00014085,6.79352,4974.66,0.375,32242.8,231424,460800,233054,485502,13166,90.8606921,252448,1.970568196,0.000148545443,12.77205603
218,4.26E+07,1.59125,9.46E-05,6.73662,4663.86,0.25,32101.1,232448,462848,235163,489761,14814,90.49560484,254598,1.831852568,0.00009819401566,12.60854366
219,4.28E+07,1.58902,0.000479564,6.56905,4690.81,1.71875,31534.5,234496,468992,236492,492964,12984,91.43142331,256472,1.828975483,0.0006701511276,12.29549424
220,4.30E+07,1.66032,0,6.86272,5045.57,0,33651.7,241664,475136,244485,504549,16117,89.77482466,260064,1.940126277,0,12.93977636
221,4.32E+07,1.64428,0.000594648,7.04853,5054.23,1.65625,35040.9,243712,483328,247052,509671,14841.5,91.24092316,262619,1.92454849,0.0006306664788,13.34286552
222,4.34E+07,1.57604,6.73E-05,6.82536,4908.85,0.1875,34355.3,246784,491520,250493,517054,14621.5,91.81238066,266561,1.841548464,0.00007034037237,12.88834451
223,4.36E+07,1.54448,0.000326975,6.97132,4949.92,1.125,35912.4,256000,501760,259155,527761,14578,91.49460548,268606,1.842818105,0.0004188290656,13.36991728
224,4.38E+07,1.64083,0.000278369,7.6377,5362.04,0.84375,39967.8,262144,512000,265260,536533,13824.5,92.10500123,271273,1.976621337,0.0003110335345,14.73342353
225,4.39E+07,1.58059,0.000292633,7.09834,5143.89,0.875,36929.7,262144,507904,262699,535065,13858,90.2315267,272366,1.888594759,0.0003212588943,13.55885096
226,4.41E+07,1.55022,0.000286101,6.92481,5117.97,0.84375,36569.2,264192,516096,268024,541210,14473,92.20970328,273186,1.873437877,0.000308855505,13.38619109
227,4.43E+07,1.5653,0.000138716,7.20279,5282.47,0.46875,38628,270336,524288,272799,549702,13938.5,91.71153798,276903,1.907696919,0.0001692831064,13.95001138
228,4.45E+07,1.57927,0.000333785,7.22853,5418.72,1.09375,39415.1,276480,532480,277935,560872,14923.5,90.47950604,282937,1.915168394,0.0003865701552,13.93069835
229,4.47E+07,1.54384,1.96E-05,7.30098,5490.72,0.0625,40970.4,286720,552960,289144,577465,13464.5,92.34152212,288321,1.904377413,0.00002167722781,14.20999511
230,4.49E+07,1.54073,1.86E-05,7.10973,5620.71,0.0625,40881.2,294912,569344,297060,592313,12558.5,92.94808181,295253,1.903692765,0.00002116828618,13.84615906
231,4.51E+07,1.56419,0.000159295,7.29675,5762.37,0.59375,42403.8,296960,569344,300327,598561,16292,91.33230953,298234,1.932164005,0.0001990886351,14.21829838
232,4.53E+07,1.54469,9.25E-05,7.46525,5803.45,0.3125,43999.4,303104,581632,307169,603419,12926,94.0178903,296250,1.958970464,0.0001054852321,14.85211814
233,4.55E+07,1.61978,0.000279017,7.74158,6192.69,1,46056.2,311296,585728,313979,611074,14014.5,92.37180027,297095,2.084414076,0.0003365926724,15.50217944
234,4.57E+07,1.50502,0.000208074,7.46958,5807.52,0.75,44968.8,311296,589824,317322,618515,17358.5,92.47492472,301193,1.928172301,0.0002490097711,14.93022746
235,4.59E+07,1.56933,0.000107709,7.61512,6284.56,0.375,47267.6,325632,610304,329626,636283,14986.5,92.83075227,306657,2.049377643,0.0001222864634,15.4138337
236,4.61E+07,1.53976,2.63E-05,7.55997,6314.78,0.09375,47902.2,333824,622592,337722,651168,16237,92.12687353,313446,2.014630909,0.00002990945809,15.28244099
237,4.63E+07,1.54083,0.000696602,7.95389,6444.4,2.625,51675.8,339968,634880,344346,666723,18110.5,91.48047162,322377,1.999025985,0.0008142640449,16.0296175
238,4.65E+07,1.48742,0.000588667,7.30747,6411.05,2.375,48492.6,350208,655360,355405,684159,16998,92.82077176,328754,1.95010555,0.0007224246701,14.75042129
239,4.67E+07,1.54475,3.95E-05,7.9684,6808.65,0.15625,54260.8,360448,667648,365978,698617,18249.5,92.35236999,332639,2.046858606,0.00004697284443,16.31221835
240,4.69E+07,1.46287,0.000345604,8.02204,6566.15,1.65625,55372.3,366592,679936,372566,708808,17423,93.19002385,336242,1.952804825,0.0004925767751,16.46799032
241,4.71E+07,1.49564,0.000153318,7.94205,6875.95,0.65625,56186,376832,692224,382862,726313,20059.5,91.83027564,343451,2.002017755,0.0001910752917,16.35924775
242,4.73E+07,1.48365,4.40E-05,7.69151,6971.57,0.21875,55289.8,391168,708608,394920,738295,16719.5,92.44703313,343375,2.030307972,0.00006370586094,16.10187113
243,4.75E+07,1.49966,7.03E-05,8.16544,7198.05,0.3125,60092.1,397312,720896,401465,756635,19946,91.10679393,355170,2.02664921,0.00008798603486,16.91924994
244,4.77E+07,1.51689,8.90E-05,8.25819,7601.71,0.4375,63048.3,417792,753664,422307,785086,17968.5,92.58308778,362779,2.095410705,0.0001205968372,17.37925845
245,4.79E+07,1.50456,0.00012153,8.51408,7795.06,0.5625,67089.8,430080,774144,435936,810396,21054,91.8827111,374460,2.081680286,0.0001502163115,17.91641297
246,4.80E+07,1.54069,6.00E-05,8.17553,8130.73,0.28125,66007.9,440320,786432,445907,830738,24946.5,89.93870036,384831,2.112805361,0.00007308402909,17.15243834
247,4.82E+07,1.49231,0.000384674,8.21603,8065.68,1.875,67830.8,454656,811008,459250,850247,21916.5,91.1393182,390997,2.062849587,0.0004795433213,17.3481638
248,4.84E+07,1.5478,0.00014623,8.10096,8525.96,0.71875,68241.3,462848,819200,467019,867746,26358.5,88.92637631,400727,2.127623045,0.0001793615105,17.02937411
249,4.86E+07,1.56111,0.000239131,8.07578,8767.62,1.3125,69090.1,468992,831488,476391,882062,28986.5,89.35713916,405671,2.161263684,0.0003235380394,17.03106705
250,4.88E+07,1.56755,0.00014085,7.80976,9101.46,0.75,69397.3,491520,864256,495638,916977,28419.5,88.46463299,421339,2.160127593,0.0001780039351,16.47065664
251,4.90E+07,1.54933,8.75E-05,7.52716,9330.28,0.5625,68647.5,507904,897024,515548,951283,30951.5,89.301984,435735,2.141273939,0.0001290922235,15.75441495
252,4.92E+07,1.54619,0.000536117,7.85305,9652.06,3.25,75050.9,524288,921600,530220,987020,35676,86.97723292,456800,2.112972855,0.0007114711033,16.42970665
253,4.94E+07,1.50383,0,7.44487,9764.15,0,73887.1,544768,958464,553524,1.02E+06,37226,8.79E+01,470636,2.074671296,0,15.69941526
254,4.96E+07,1.54771,0.000110425,7.96874,10354.7,0.6875,81217.6,561152,983040,570501,1.06E+06,41674.5,8.67E+01,486539,2.12823638,0.0001413041914,16.69292698
255,4.98E+07,1.57692,4.07E-05,8.88475,10799.8,0.25,92662.1,569344,1.00E+06,580677,1.08E+06,44841.5,8.66E+01,501193,2.154818603,0.00004988098397,18.4883069
256,5.00E+07,1.56527,0.000261837,8.28913,11127.4,1.8125,89220.6,593920,1.04E+06,606067,1.12E+06,44513.5,8.73E+01,511193,2.176751247,0.0003545627581,17.45340801
257,5.02E+07,1.50229,0.000293437,7.88718,10922.7,1.875,88265.9,610304,1.06E+06,619413,1.15E+06,48684.5,8.49E+01,525617,2.078072056,0.000356723622,16.79281682
258,5.04E+07,1.52896,9.64E-05,8.30274,11456.6,0.75,94201.8,626688,1.09E+06,636096,1.18E+06,48594,8.55E+01,541224,2.116794525,0.000138574786,17.40532571
259,5.06E+07,1.5335,0.000172416,8.79597,12028.2,1.25,103498,655360,1.13E+06,663223,1.22E+06,49236.5,8.52E+01,557887,2.156028013,0.000224059711,18.55178558
260,5.08E+07,1.4805,4.15E-05,8.23218,12112.4,0.3125,100678,688128,1.18E+06,692470,1.27E+06,47471,8.51E+01,577780,2.09636886,0.00005408633044,17.42497144
261,5.10E+07,1.45979,0.00124419,7.72481,12346.8,9.9375,99521.9,708608,1.22E+06,716739,1.32E+06,52650.5,8.52E+01,601041,2.054235901,0.001653381383,16.55825476
262,5.12E+07,1.43763,0.000588025,8.29887,12708.9,4.9375,108981,741376,1.27E+06,747925,1.36E+06,50224.5,8.58E+01,615735,2.064021048,0.0008018871755,17.69933494
263,5.14E+07,1.46946,0.000214809,8.39758,13399.4,1.8125,113400,761856,1.30E+06,768833,1.40E+06,53183.5,8.54E+01,633087,2.116517951,0.0002862955644,17.91223007
264,5.16E+07,1.43823,8.29E-05,9.03499,13456.7,0.75,124490,782336,1.34E+06,785032,1.43E+06,49483,8.55E+01,646538,2.081347113,0.0001160024623,19.25486205
265,5.18E+07,1.39918,0.000534713,8.47649,13643.7,5.125,121393,815104,1.39E+06,820721,1.49E+06,49973.5,8.67E+01,666249,2.04783797,0.0007692319238,18.22036506
266,5.20E+07,1.43498,9.49E-05,8.1117,14563.9,0.875,120770,851968,1.45E+06,856584,1.55E+06,50928,8.66E+01,690636,2.108766412,0.0001266948146,17.4867803
267,5.21E+07,1.48636,8.74E-05,8.39126,15705.2,0.8125,129815,884736,1.51E+06,892153,1.61E+06,54308.5,8.69E+01,716377,2.192309357,0.000113417935,18.1210452
268,5.23E+07,1.52597,0.000481854,8.4714,16940.1,4.875,136370,929792,1.58E+06,938559,1.68E+06,55708.5,8.74E+01,745151,2.273378148,0.0006542298138,18.30098866
269,5.25E+07,1.51247,0.000120148,8.01582,17370.7,1.25,134923,966656,1.64E+06,972543,1.75E+06,58598.5,8.64E+01,777167,2.235130931,0.0001608405915,17.36087611
270,5.27E+07,1.52292,0.000637677,7.85353,17973.4,7,136148,995328,1.70E+06,1.00E+06,1.80E+06,5.83E+04,8.76E+01,799990,2.246703084,0.0008750109376,17.01871273
271,5.29E+07,1.49959,5.05E-05,8.12348,18250.2,0.625,145587,1.02E+06,1.75E+06,1.04E+06,1.87E+06,6.30E+04,8.79E+01,829490,2.20017119,0.00007534750268,17.551387
272,5.31E+07,1.51035,3.84E-05,8.30254,19190.8,0.5,154279,1.07E+06,1.82E+06,1.08E+06,1.93E+06,6.15E+04,8.72E+01,855100,2.244275523,0.00005847269325,18.04221728
273,5.33E+07,1.45786,5.91E-05,8.10145,19217.8,0.75,156712,1.11E+06,1.89E+06,1.12E+06,2.02E+06,6.58E+04,8.72E+01,892200,2.153978928,0.00008406186954,17.5646716
274,5.35E+07,1.42596,4.36E-05,7.70038,19496.3,0.625,155689,1.16E+06,1.97E+06,1.17E+06,2.10E+06,7.30E+04,8.70E+01,931990,2.091900128,0.00006706080537,16.70500756
275,5.37E+07,1.44019,0.000505508,7.91173,20670.6,6.75,174546,1.21E+06,2.06E+06,1.22E+06,2.21E+06,7.71E+04,8.68E+01,981280,2.106493559,0.0006878770585,17.78758356
276,5.39E+07,1.39178,3.57E-05,8.51916,21037.1,0.5,189949,1.28E+06,2.16E+06,1.29E+06,2.32E+06,8.13E+04,8.58E+01,1031470,2.039526113,0.00004847450726,18.41536836
277,5.41E+07,1.41214,0.000236774,8.49557,22135,3.375,197749,1.32E+06,2.24E+06,1.34E+06,2.43E+06,1.03E+05,8.46E+01,1094520,2.022347696,0.0003083543471,18.06718927
278,5.43E+07,1.37001,0.000446806,8.66122,22405,6.625,209738,1.38E+06,2.36E+06,1.40E+06,2.53E+06,9.22E+04,8.58E+01,1135970,1.972323213,0.0005832020212,18.4633397
279,5.45E+07,1.29124,0.000230471,8.39581,21762.3,3.625,210230,1.43E+06,2.42E+06,1.44E+06,2.62E+06,1.01E+05,8.43E+01,1175710,1.850992166,0.0003083243317,17.88111014
280,5.47E+07,1.32681,0.000278156,8.60179,22896.7,4.375,222041,1.47E+06,2.49E+06,1.48E+06,2.70E+06,1.11E+05,8.37E+01,1222750,1.872557759,0.0003578000409,18.15914946
281,5.49E+07,1.28415,5.34E-05,7.8395,23035.2,0.875,210446,1.52E+06,2.61E+06,1.54E+06,2.81E+06,1.10E+05,8.49E+01,1274390,1.80754714,0.00006866030022,16.51346919
282,5.51E+07,1.26306,3.05E-05,8.38823,23668.5,0.5,235247,1.60E+06,2.74E+06,1.60E+06,2.94E+06,1.07E+05,8.51E+01,1338300,1.768549653,0.0000373608309,17.57804678
283,5.53E+07,1.26548,8.25E-05,7.91492,24649.7,1.5,232360,1.66E+06,2.85E+06,1.67E+06,3.08E+06,1.19E+05,8.47E+01,1402040,1.758131009,0.0001069869619,16.57299364
284,5.55E+07,1.26449,0.00053817,8.74548,25717.2,10.625,268500,1.74E+06,2.98E+06,1.75E+06,3.22E+06,1.22E+05,8.45E+01,1463670,1.757035397,0.0007259149945,18.34429892
285,5.57E+07,1.31061,0.000315698,8.04213,27251.2,6,255048,1.79E+06,3.08E+06,1.80E+06,3.32E+06,1.31E+05,8.52E+01,1518470,1.794648561,0.0003951345763,16.79638057
286,5.59E+07,1.28444,7.60E-05,8.40205,27221.8,1.5,269012,1.84E+06,3.15E+06,1.84E+06,3.40E+06,1.31E+05,8.40E+01,1560020,1.744964808,0.00009615261343,17.2441379
287,5.61E+07,1.27684,0.000108133,8.153,27736.1,2.25,271966,1.88E+06,3.24E+06,1.90E+06,3.50E+06,1.37E+05,8.55E+01,1600480,1.732986354,0.0001405828252,16.99277717
288,5.63E+07,1.28119,0.000482445,8.43706,28569.2,10.75,289863,1.93E+06,3.34E+06,1.96E+06,3.60E+06,1.41E+05,8.56E+01,1645120,1.736602801,0.0006534477728,17.61956575
289,5.64E+07,1.29681,5.02E-05,7.81999,29448.6,1.25,280822,1.97E+06,3.42E+06,2.01E+06,3.71E+06,1.57E+05,8.54E+01,1698410,1.733892287,0.00007359824777,16.53440571
290,5.66E+07,1.27753,0.000138716,8.30029,29862.4,3,299665,2.05E+06,3.54E+06,2.07E+06,3.81E+06,1.49E+05,8.56E+01,1741650,1.714603968,0.0001722504522,17.20581058
291,5.68E+07,1.24631,0.000889189,8.79688,29898.7,20.25,328702,2.10E+06,3.64E+06,2.12E+06,3.91E+06,1.51E+05,8.62E+01,1786140,1.673928136,0.001133729719,18.40292474
292,5.70E+07,1.26063,1.11E-05,8.03209,30526.3,0.25,306215,2.13E+06,3.70E+06,2.16E+06,3.99E+06,1.59E+05,8.57E+01,1835040,1.663522321,0.00001362368123,16.68710219
293,5.72E+07,1.23461,2.23E-05,8.13059,30300.3,0.5,316102,2.16E+06,3.78E+06,2.20E+06,4.07E+06,1.62E+05,8.66E+01,1873100,1.617655224,0.0000266937163,16.87587422
294,5.74E+07,1.23919,0.000661566,8.49709,30467.6,15.5,331674,2.18E+06,3.78E+06,2.21E+06,4.09E+06,1.66E+05,8.52E+01,1883490,1.61761411,0.0008229403926,17.60954398
295,5.76E+07,1.24754,2.20E-05,9.01126,30361.1,0.5,350487,2.15E+06,3.78E+06,2.18E+06,4.08E+06,1.64E+05,8.65E+01,1894860,1.60228724,0.00002638717372,18.49672271
296,5.78E+07,1.24964,0.00043445,8.90311,30232.9,10.25,345869,2.13E+06,3.75E+06,2.18E+06,4.07E+06,1.82E+05,8.58E+01,1890840,1.59891371,0.0005420871147,18.29181739
297,5.80E+07,1.23884,0.000248903,8.17676,29944.6,5.75,318057,2.15E+06,3.78E+06,2.18E+06,4.07E+06,1.63E+05,8.67E+01,1890370,1.584060263,0.0003041732571,16.82511889
298,5.82E+07,1.25261,1.08E-05,8.64892,30189.5,0.25,338162,2.13E+06,3.78E+06,2.18E+06,4.10E+06,1.84E+05,8.61E+01,1921390,1.571232285,0.00001301141361,17.5998626
299,5.84E+07,1.26637,5.37E-05,9.14714,30664.9,1.25,359603,2.16E+06,3.80E+06,2.18E+06,4.12E+06,1.73E+05,8.45E+01,1939440,1.581121355,0.00006445159427,18.54158932
300,5.86E+07,1.302,7.42E-05,9.18486,31262.2,1.75,357922,2.13E+06,3.78E+06,2.17E+06,4.09E+06,1.71E+05,8.62E+01,1919350,1.628790997,0.00009117670045,18.64808399
301,5.88E+07,1.28388,4.59E-05,8.96199,29780.2,1,340317,2.08E+06,3.69E+06,2.10E+06,3.99E+06,1.61E+05,8.51E+01,1886640,1.578478141,0.00005300428275,18.03825849
302,5.90E+07,1.28678,0.000606751,8.19063,28877.1,12.625,299643,2.02E+06,3.56E+06,2.03E+06,3.85E+06,1.48E+05,8.41E+01,1820710,1.586035118,0.0006934108123,16.45748087
303,5.92E+07,1.24772,5.36E-05,8.98152,27133.8,1.125,316881,1.95E+06,3.46E+06,1.96E+06,3.72E+06,1.38E+05,8.59E+01,1753990,1.546975752,0.00006413947628,18.06629456
304,5.94E+07,1.25173,0.000120753,8.17069,26286.1,2.75,287941,1.88E+06,3.34E+06,1.89E+06,3.61E+06,1.45E+05,8.53E+01,1719110,1.529052824,0.0001599664943,16.74942267
305,5.96E+07,1.25806,0.000562163,8.61708,25800.5,11.375,287361,1.84E+06,3.28E+06,1.85E+06,3.52E+06,1.30E+05,8.64E+01,1668090,1.54670911,0.0006819176423,17.22694819
306,5.98E+07,1.23317,3.26E-05,8.55842,24544.7,0.625,276021,1.78E+06,3.15E+06,1.80E+06,3.40E+06,1.37E+05,8.52E+01,1606590,1.527751324,0.00003890227127,17.18055011
307,6.00E+07,1.1782,0,8.83783,22512.8,0,273199,1.70E+06,3.01E+06,1.71E+06,3.26E+06,1.29E+05,8.45E+01,1551350,1.451174783,0,17.61040384
308,6.02E+07,1.13935,6.48E-05,8.42038,20891.9,1.125,248563,1.63E+06,2.88E+06,1.64E+06,3.12E+06,1.23E+05,8.51E+01,1472770,1.418544647,0.00007638667273,16.87724492
309,6.04E+07,1.1732,1.50E-05,8.71141,20455.5,0.25,243902,1.56E+06,2.75E+06,1.56E+06,2.96E+06,1.02E+05,8.52E+01,1393990,1.467406509,0.00001793413152,17.49668219
310,6.05E+07,1.19351,0.00127975,8.40275,19586.3,19.5,220941,1.47E+06,2.57E+06,1.47E+06,2.77E+06,1.05E+05,8.50E+01,1301370,1.505052368,0.001498420895,16.97756979
311,6.07E+07,1.1869,9.59E-05,8.9726,18514.3,1.5,222867,1.40E+06,2.42E+06,1.40E+06,2.62E+06,9.75E+04,8.39E+01,1220140,1.517391447,0.0001229367122,18.26569082
312,6.09E+07,1.17818,2.76E-05,8.15816,17499.5,0.375,192108,1.33E+06,2.29E+06,1.33E+06,2.48E+06,9.86E+04,8.40E+01,1151360,1.519898207,0.00003257017788,16.68531128
313,6.11E+07,1.22879,0.000588185,8.50652,17397.8,8.625,190411,1.27E+06,2.18E+06,1.27E+06,2.36E+06,9.20E+04,8.36E+01,1088150,1.598842071,0.0007926296926,17.49859854
314,6.13E+07,1.27379,0.000169542,8.89987,17576.1,2.25,192873,1.24E+06,2.11E+06,1.24E+06,2.29E+06,8.78E+04,8.39E+01,1044550,1.68264803,0.0002154037624,18.46469772
315,6.15E+07,1.23413,0.000379316,8.66789,16428.4,5.5,180371,1.20E+06,2.03E+06,1.20E+06,2.19E+06,8.38E+04,8.41E+01,993290,1.653937923,0.0005537154305,18.15894653
316,6.17E+07,1.2025,9.14E-05,7.68127,15252.2,1.25,160859,1.14E+06,1.93E+06,1.14E+06,2.09E+06,8.23E+04,8.35E+01,951780,1.602492173,0.000131332871,16.90085944
317,6.19E+07,1.21605,0.000234751,8.43398,14763.3,2.75,159210,1.10E+06,1.84E+06,1.10E+06,1.99E+06,7.49E+04,8.33E+01,894480,1.65048967,0.0003074411949,17.79916823
318,6.21E+07,1.27765,2.31E-05,8.48651,14877,0.25,153456,1.05E+06,1.77E+06,1.05E+06,1.91E+06,6.97E+04,8.41E+01,857330,1.735271132,0.0000291603,17.89929199
319,6.23E+07,1.25461,0.000282569,8.31553,14173.2,3,146370,1.02E+06,1.72E+06,1.02E+06,1.86E+06,7.42E+04,8.40E+01,838240,1.690828402,0.0003578927276,17.46158618
320,6.25E+07,1.21692,0.000413022,7.88826,13791.5,4.5,142062,1.02E+06,1.72E+06,1.03E+06,1.86E+06,7.43E+04,8.37E+01,831920,1.657791615,0.0005409173959,17.07640158
321,6.27E+07,1.21727,1.16E-05,8.14514,14021.5,0.125,145284,1.04E+06,1.74E+06,1.04E+06,1.88E+06,7.12E+04,8.37E+01,841620,1.666013165,0.00001485230864,17.26242247
322,6.29E+07,1.2768,4.49E-05,8.77793,14786.8,0.5,157657,1.05E+06,1.76E+06,1.04E+06,1.90E+06,6.52E+04,8.36E+01,852600,1.734318555,0.00005864414731,18.49132067
323,6.31E+07,1.26711,0.000152588,8.43727,14675.7,1.625,150974,1.04E+06,1.75E+06,1.04E+06,1.89E+06,6.92E+04,8.39E+01,849220,1.728138763,0.0001913520642,17.77796095
324,6.33E+07,1.28312,0.000170807,8.03279,14581.4,1.875,143247,1.02E+06,1.71E+06,1.02E+06,1.86E+06,7.25E+04,8.31E+01,837760,1.740522345,0.0002238111154,17.09881112
325,6.35E+07,1.3298,0.000881611,8.97369,14549.2,9.4375,142317,983040,1.64E+06,975684,1.77E+06,63522,8.22E+01,797116,1.825229954,0.00118395566,17.85398863
326,6.37E+07,1.34047,0.000284171,10.5111,14102.3,2.875,140403,929792,1.57E+06,934674,1.68E+06,57911,8.58E+01,749126,1.882500407,0.0003837805656,18.74224096
327,6.39E+07,1.38482,0.000203451,10.8947,13843.9,2,134201,876544,1.50E+06,887282,1.59E+06,50514,8.87E+01,702148,1.971649852,0.0002848402331,19.11292206
328,6.41E+07,1.34288,8.14E-05,11.9205,12624.9,0.75,121878,815104,1.40E+06,830427,1.49E+06,52141.5,8.88E+01,659363,1.914711623,0.0001137461459,18.48420369
329,6.43E+07,1.33336,0.000419615,11.8614,11899.4,4.125,112607,774144,1.34E+06,787514,1.41E+06,42505,9.06E+01,619426,1.921036573,0.0006659391114,18.17924982
330,6.45E+07,1.31938,3.18E-05,11.2433,11111.7,0.25,110862,737280,1.25E+06,743044,1.32E+06,37582,8.90E+01,579736,1.916682766,0.00004312307671,19.12284212
331,6.46E+07,1.40108,0.000301911,11.5392,11021.1,2.3125,108902,688128,1.18E+06,693778,1.24E+06,31005,9.06E+01,542232,2.032543266,0.0004264779652,20.08402307
332,6.48E+07,1.40009,6.94E-05,11.7042,10339.2,0.5,104266,643072,1.10E+06,651938,1.16E+06,36083,8.93E+01,509092,2.030909934,0.00009821407526,20.48077754
333,6.50E+07,1.45674,8.32E-05,13.5325,10022.3,0.5625,98716.3,585728,1.02E+06,604837,1.08E+06,39549.5,9.13E+01,470963,2.128044029,0.000119436134,20.96052131
334,6.52E+07,1.61578,0.000456724,16.7858,10411.9,2.75,118190,524288,1.01E+06,564045,1.12E+06,76113.5,8.70E+01,560135,1.858819749,0.0004909530738,21.10027047
335,6.54E+07,1.76953,0.000313832,19.277,10975.9,1.8125,155146,487424,1.06E+06,541219,1.21E+06,100817.5,8.60E+01,671581,1.634337481,0.0002698855388,23.10160651
336,6.56E+07,1.77177,0.000224393,20.4376,10555.8,1.25,146662,460800,1.05E+06,519090,1.19E+06,100170,8.75E+01,671540,1.57187956,0.0001861393216,21.83965214
337,6.58E+07,1.71077,3.58E-05,19.1022,9722.59,0.1875,133220,448512,966656,496711,1.09E+06,87911.5,8.67E+01,597569,1.627023825,0.00003137712967,22.29365981
338,6.60E+07,1.6238,0.000212913,17.1439,8801.12,1.125,112185,438272,868352,474781,980537,74347,85.03705344,505756,1.740190922,0.000222439279,22.1816449
339,6.62E+07,1.56057,4.62E-05,15.7229,7953.23,0.21875,97001.6,419840,778240,450262,867050,59616,85.99095943,416788,1.908219526,0.00005248471645,23.27360673
340,6.64E+07,1.44125,0.000189888,14.8707,6817.23,0.875,76250.6,393216,684032,419250,760283,51142.5,85.27503204,341033,1.998994232,0.0002565734108,22.35871602
341,6.66E+07,1.40256,0,13.5752,6258.08,0,67398.2,376832,638976,396986,684956,33067,91.03170469,287970,2.173170816,0,23.40459076
342,6.68E+07,1.36835,0.00028514,12.9219,5787.18,1.15625,56915.6,360448,606208,377298,645546,28094,91.61671289,268248,2.157399123,0.0004310376965,21.21753005
343,6.70E+07,1.37551,0.000136526,11.6788,5515.07,0.53125,52942.2,348160,573440,359945,609998,24171.5,90.09290031,250053,2.205560421,0.0002124549595,21.17239145
344,6.72E+07,1.34833,2.27E-05,11.1647,5190.77,0.09375,47980.2,335872,548864,346760,584556,23290,89.56921058,237796,2.182866827,0.00003942454877,20.17704251
345,6.74E+07,1.33874,0.000136239,10.2354,4940.47,0.46875,44097.4,325632,524288,332733,559852,21332.5,87.46780322,227119,2.175278158,0.0002063896019,19.41598897
346,6.76E+07,1.33401,0.000177427,10.3053,4703.85,0.59375,41968.6,311296,505856,317985,533489,17161,90.28138689,215504,2.182720506,0.0002755169278,19.47462692
347,6.78E+07,1.29674,9.78E-05,9.5597,4388.87,0.3125,39833.1,301056,483328,306093,508825,15267,89.90785865,202732,2.164862972,0.0001541443877,19.64815619
348,6.80E+07,1.32811,0.00017257,9.43823,4272.2,0.59375,39305,286720,456704,291398,480472,14223,89.90342406,189074,2.259538593,0.0003140304854,20.78815702
349,6.82E+07,1.33232,0.000285417,9.12916,4054.54,0.8125,34456.5,272384,430080,276231,453386,13576.5,89.01583359,177155,2.288696339,0.0004586379159,19.44991674
350,6.84E+07,1.30596,6.83E-05,9.06102,3823.56,0.1875,31335.5,262144,411648,266394,432744,12673,89.873159,166350,2.298503156,0.0001127141569,18.83709047
351,6.86E+07,1.35622,8.34E-05,8.57608,3828.23,0.21875,31032.1,253952,395264,257458,415666,11954,89.32038835,158208,2.419744893,0.0001382673443,19.61474767
352,6.88E+07,1.31493,0.000214577,8.72221,3603.5,0.5625,29236.9,245760,382976,249305,402561,11565,89.53385186,153256,2.351294566,0.0003670329384,19.077165
353,6.89E+07,1.31121,0.000701075,8.71778,3494.91,1.96875,31881.4,239616,370688,242526,387569,9895.5,90.36768407,145043,2.409568197,0.001357356094,21.98065401
354,6.91E+07,1.28845,7.69E-05,8.17332,3298.99,0.1875,27221.6,230400,354304,233114,371286,9848,89.67373998,138172,2.387596619,0.0001357004313,19.70124193
355,6.93E+07,1.23302,4.53E-05,7.7346,2999.06,0.109375,25186.9,220160,333824,221410,351596,9511,87.30892723,130186,2.303673206,0.00008401441015,19.34685757
356,6.95E+07,1.18858,2.85E-05,7.82543,2781.03,0.0625,24341.9,212992,319488,213415,335144,8039.5,87.48613724,121729,2.284607612,0.00005134355823,19.99679616
357,6.97E+07,1.1535,0.000478153,7.93479,2589.33,1.0625,24005.4,203776,305152,205222,320149,8221.5,88.20903704,114927,2.253021483,0.0009244998999,20.8875199
358,6.99E+07,1.16237,0.000294333,7.38645,2500.71,0.59375,21185.6,195584,294912,197599,307906,7504.5,90.04686919,110307,2.267045609,0.0005382704633,19.20603407
359,7.01E+07,1.17928,3.08E-05,7.3281,2473.8,0.0625,20159,190464,284672,192647,297997,7754,89.42382534,105350,2.348172757,0.000059326056,19.13526341
360,7.03E+07,1.16946,0.000221142,7.14532,2391.6,0.46875,19264.5,186368,276480,188067,289600,7409.5,88.75144042,101533,2.355490333,0.0004616725597,18.97363419
361,7.05E+07,1.15892,0.000238418,6.92419,2274.63,0.546875,18312.6,180224,264192,180299,279495,7689,84.64857454,99196,2.293066253,0.0005513075124,18.46102665
362,7.07E+07,1.22799,0.00010345,7.19669,2339.31,0.1875,18052.2,174080,256000,175071,269730,7360.5,86.54221997,94659,2.471302253,0.0001980794219,19.07076982
363,7.09E+07,1.22216,5.97E-05,6.60911,2240.19,0.109375,17102.1,168960,245760,168546,258766,6296,85.12524939,90220,2.48303037,0.0001212314343,18.95599645
364,7.11E+07,1.22932,0.000236147,6.59143,2154.8,0.40625,16330.6,160768,234496,161385,247755,6938,85.36297325,86370,2.494847748,0.0004703600787,18.90772259
365,7.13E+07,1.19002,1.92E-05,6.47152,2020.65,0.03125,15375.2,155648,226304,155942,237583,5786.5,86.5447508,81641,2.475043177,0.00003827733614,18.83269436
366,7.15E+07,1.22683,0.000202225,6.25372,2005.56,0.34375,14345.1,149504,217088,150421,229385,6607,85.58836938,78964,2.53984094,0.0004353249582,18.1666329
367,7.17E+07,1.2447,0.000624693,6.84403,1959.79,0.953125,14294,144384,208896,145099,221095,6457,84.88867835,75996,2.578806779,0.001254177851,18.80888468
368,7.19E+07,1.212,6.14E-05,6.85972,1866.47,0.09375,13952.1,141312,202752,141773,215129,6419,83.75592999,73356,2.544399913,0.0001278014068,19.01971209
369,7.21E+07,1.22489,0.00043445,6.03061,1833.67,0.640625,12265.6,137216,196608,138370,208874,6710,84.2391921,70504,2.600802791,0.0009086363894,17.39702712
370,7.23E+07,1.24336,4.49E-05,6.46429,1790.56,0.0625,12351.4,132096,188416,133077,200767,6666,83.20283646,67690,2.645235633,0.00009233269316,18.24700842
371,7.25E+07,1.26569,0.000136646,5.98174,1759.19,0.1875,11353.5,128000,181248,128935,192601,6144,83.63647787,63666,2.763154588,0.0002945057016,17.83290925
372,7.27E+07,1.23656,0.000128174,6.47537,1654.55,0.164062,11911,122880,173056,124118,183943,6062.5,83.87129127,59825,2.765649812,0.0002742365232,19.90973673
373,7.29E+07,1.14911,0.000134637,6.11336,1473.2,0.164062,10191.2,118272,165888,118922,176079,5420.5,83.30738142,57157,2.577462078,0.0002870374582,17.83018703
374,7.30E+07,1.15926,2.64E-05,6.32965,1447.49,0.03125,9756.56,115712,161792,116065,171338,4949.5,83.3680097,55273,2.618801223,0.00005653754998,17.65158396
375,7.32E+07,1.19652,0,6.53957,1461.15,0,10890.9,112640,156672,113413,166539,5320,82.88220457,53126,2.750348229,0,20.50013176
376,7.34E+07,1.08866,0.000211171,6.04531,1286.01,0.242188,9751.28,109056,151552,109866,161303,5280.5,82.61757101,51437,2.500165251,0.000470843945,18.95771526
377,7.36E+07,1.08624,5.01E-05,6.38366,1245.53,0.0546875,9007.58,105984,147456,106678,155733,4485.5,84.54184079,49055,2.539048007,0.00011148201,18.36220569
378,7.38E+07,1.09309,0.000102703,6.23359,1212.92,0.109375,9326.34,102400,141312,102935,149614,4418.5,83.36082607,46679,2.598427558,0.0002343130744,19.97973393
379,7.40E+07,1.05801,0.000221252,6.25956,1121.1,0.226562,8957.53,98304,135168,98706.1,143102,4168.05,83.03469465,44395.9,2.525233186,0.0005103218991,20.17648026
380,7.42E+07,1.12355,0.000243827,6.46927,1152.67,0.242188,8568,94720,131072,95741.7,137690,3819.85,86.65905412,41948.3,2.747834835,0.0005773487841,20.42514238
381,7.44E+07,1.12288,0.000111845,6.28518,1108.35,0.109375,8035.18,91648,125440,92278.4,132111,3650.7,84.83503462,39832.6,2.782519846,0.0002745866451,20.17237137
382,7.46E+07,1.10401,0.000184447,5.58177,1046.54,0.171875,7082.75,88064,119808,88614.2,126891,3816.6,82.93274255,38276.8,2.734136605,0.0004490317895,18.50402855
383,7.48E+07,1.1239,0.000248598,5.8121,1043.27,0.226562,6919.14,86016,118272,86721.1,123433,2933.05,87.86251869,36711.9,2.8417761,0.0006171350434,18.84713131
384,7.50E+07,1.14124,0.000159685,5.68974,1033.73,0.140625,6424.91,83968,114688,84630,119963,2968.5,86.94421645,35333,2.925678544,0.0003979990377,18.18387909
385,7.52E+07,1.14341,3.65E-05,5.3741,996.906,0.03125,6222.7,81408,110080,81717.2,115791,3010.1,84.14676379,34073.8,2.925725924,0.00009171269421,18.26241863
386,7.54E+07,1.10026,0.000139562,5.36754,936.839,0.117188,5837.16,78848,106496,79637.3,112174,3233.65,84.97481306,32536.7,2.87933011,0.0003601717445,17.94023364
387,7.56E+07,1.13566,0.000275642,5.09522,930.735,0.21875,5379.88,76288,102400,76762.8,107780,2927.4,84.18554866,31017.2,3.00070606,0.0007052538591,17.34482803
388,7.58E+07,1.13351,0.000477488,5.99252,891.924,0.359375,5906.71,73216,98304,73716.9,103264,2730.45,84.90850202,29547.1,3.018651577,0.001216278416,19.9908282
389,7.60E+07,1.12901,0.000683668,5.32201,863.681,0.523438,5295.59,71168,95232,71624.6,99503.6,2364.1,86.31586499,27879,3.097962624,0.001877535062,18.99490656
390,7.62E+07,1.13194,0.000248903,5.48564,840.186,0.179688,5289.56,69120,92160,69748.8,96425.6,2447.2,86.36718047,26676.8,3.14950069,0.0006735740419,19.82831524
391,7.64E+07,1.1457,0.000280493,5.77371,826.465,0.195312,5082.39,67072,90112,67805.4,93801,2211.2,88.6303836,25995.6,3.179249565,0.0007513271477,19.55096247
392,7.66E+07,1.11888,0.000426347,5.5463,790.367,0.296875,5050.84,65536,87040,66380.7,91066.8,2435.75,87.10975002,24686.1,3.201668145,0.001202599844,20.46025901
393,7.68E+07,1.20592,0.000202656,5.33883,825.686,0.132812,4543.13,64000,84480,64359.3,87999.1,1939.2,86.63355866,23639.8,3.492779127,0.0005618152438,19.21814059
394,7.70E+07,1.11833,0.000119209,5.81561,738.631,0.078125,4632.16,61696,81408,62008.5,84504.2,1704.35,87.62563512,22495.7,3.283431945,0.0003472885929,20.59131301
395,7.71E+07,1.06941,0.000109863,5.52783,683.912,0.0703125,4074.36,59392,77824,60006.8,81366.5,2078.65,86.29334682,21359.7,3.201880176,0.0003291829941,19.07498701
396,7.73E+07,1.09297,0.000178349,5.66582,671.925,0.105469,4428.19,57344,74752,57766.9,78156.2,1913.55,85.37811499,20389.3,3.295478511,0.0005172762184,21.71820514
397,7.75E+07,0.98868,0.000426727,5.36935,583.497,0.257812,4009.02,55296,71680,55614.1,74665,1651.55,86.0011863,19050.9,3.062831677,0.001353279898,21.04373022
398,7.77E+07,0.949917,0.00016204,4.99384,544.455,0.09375,3477.88,53504,69120,53971.8,71993.2,1670.5,86.65253532,18021.4,3.021158179,0.0005202148557,19.29861165
399,7.79E+07,0.962564,0.00045634,5.39584,536.779,0.25,3618.94,52224,66560,52585,69666.9,1733.95,83.9250903,17081.9,3.142384629,0.001463537429,21.18581657
400,7.81E+07,0.975476,0.000222215,5.09934,525.506,0.117188,3307.99,50688,64512,50777.2,67308,1442.6,83.62571684,16530.8,3.178950807,0.0007089070099,20.01107024
401,7.83E+07,1.00032,4.42E-05,4.98702,521.877,0.0234375,3082.71,48896,62208,49243,64778.7,1458.85,85.68651557,15535.7,3.359211365,0.0001508622077,19.84274928
402,7.85E+07,1.01069,0.000537612,5.1713,502.155,0.265625,3169.03,46592,59136,46978.9,61566.7,1408.8,85.98966259,14587.8,3.442294246,0.001820870865,21.72383773
403,7.87E+07,0.988841,0.000258623,4.57646,458.242,0.117188,2484.02,43520,54784,44001.7,57268,1482.85,84.90686929,13266.3,3.454180894,0.0008833510474,18.72428635
404,7.89E+07,0.978063,0.000106457,4.65063,426.712,0.046875,2409.86,41216,51200,41443.4,53522.9,1275.15,82.65242767,12079.5,3.53253032,0.0003880541413,19.94999793
405,7.91E+07,0.977251,1.84E-05,4.62171,403.306,0.0078125,2205.39,38912,48128,39225.8,50301.4,1243.6,83.20993896,11075.6,3.641391888,0.00007053793925,19.91214923
406,7.93E+07,1.0001,0.000151577,4.31894,393.557,0.0585938,2056.89,37120,45824,37443.6,47637,1068.3,85.38858477,10193.4,3.86090019,0.0005748209626,20.17864501
407,7.95E+07,1.02819,2.09E-05,4.82484,388.453,0.0078125,2180.26,35584,43776,35947.5,45586.1,1086.8,84.99159629,9638.6,4.030180732,0.00008105430249,22.62009005
408,7.97E+07,1.02794,4.49E-05,4.25043,365.712,0.015625,1761.44,33536,40960,33926.3,42596.1,1013.2,85.63057971,8669.8,4.218228794,0.0001802233039,20.31696233
409,7.99E+07,0.995628,9.54E-05,4.2182,329.658,0.03125,1642.14,31616,37632,31717.3,39274.1,871.7,79.61041711,7556.8,4.362402075,0.0004135348296,21.73062672
410,8.01E+07,0.973105,0.000213497,4.35918,301.059,0.0664062,1586.87,29568,35072,29672.5,36402.9,717.7,81.7782004,6730.4,4.473121954,0.0009866605254,23.57764769
411,8.03E+07,0.834131,8.21E-05,4.01355,242.376,0.0234375,1306.02,27648,32768,27875.7,33818,638.85,86.16192383,5942.3,4.078824698,0.0003944179863,21.97835855
412,8.05E+07,0.822817,0.000285666,3.715,225.393,0.0800781,1130.96,26240,30720,26373.8,31697.5,555.65,84.15199955,5323.7,4.23376599,0.001504181302,21.24387174
413,8.07E+07,0.842527,0.000398724,3.74025,218.572,0.101562,1114.07,24832,28800,25018.8,29786.1,586.45,83.23369622,4767.3,4.584817402,0.00213038827,23.36899293
414,8.09E+07,0.849821,0.000522014,3.57516,209.278,0.126953,968.158,23552,27136,23797.5,28043,576.25,84.41879637,4245.5,4.929407608,0.002990295607,22.804334
415,8.11E+07,0.917537,0.00128981,3.76927,213.583,0.298828,962.619,22528,25600,22593.7,26342.3,404,81.95059489,3748.6,5.697673798,0.007971722777,25.67942699
416,8.13E+07,0.92052,0.00275196,3.29146,202.045,0.591797,810.303,21120,23936,21325.5,24618.3,443.9,85.51992225,3292.8,6.135963314,0.01797245505,24.60832726
417,8.14E+07,0.882248,0.000393464,3.16114,183.205,0.0800781,701.961,20096,22528,20183.8,23050.6,305.2,84.83326357,2866.8,6.390574857,0.002793292172,24.48587275
418,8.16E+07,0.828646,3.03E-05,3.17508,162.926,0.00585938,671.58,19072,20992,19125.2,21621.2,341.2,76.92307692,2496,6.527483974,0.0002347508013,26.90625
419,8.18E+07,0.900302,0.000561611,2.83176,168.359,0.103516,578.195,18176,19968,18253,20418.2,263.6,82.76371698,2165.2,7.775678921,0.004780897839,26.70399963
420,8.20E+07,1.0034,0.000201332,3.01359,180.138,0.0371094,576.701,17408,19072,17600.1,19480.2,300.15,88.50593054,1880.1,9.581298867,0.001973799266,30.67395351
421,8.22E+07,0.801323,0.000429505,2.67086,138.534,0.0742188,484.727,16768,18176,16963.8,18632.8,326.3,84.36189335,1669,8.300419413,0.004446902337,29.04295986
422,8.24E+07,0.92993,0.000850306,2.54871,154.167,0.142578,434.188,16128,17408,16269.7,17697.5,215.6,89.64841014,1427.8,10.79752066,0.00998585236,30.40958117
423,8.26E+07,0.790259,0.00037066,2.55967,125.087,0.0585938,430.393,15424,16384,15589.7,16814.4,298.05,78.38654364,1224.7,10.21368498,0.004784339022,35.14272883
424,8.28E+07,0.983123,0.00638841,2.23824,148.582,0.964844,356.061,14784,15680,14900.4,15957.2,196.8,84.78425435,1056.8,14.05961393,0.0912986374,33.6923732
425,8.30E+07,0.746127,0.00647444,2.3332,108.187,0.936523,354.71,14208,14976,14301.9,15202.7,160.3,85.25754885,900.8,12.01010213,0.1039656972,39.37722025
426,8.32E+07,0.789853,0.000236895,1.63416,110.421,0.0332031,233.912,13760,14336,13823.5,14563.6,145.55,77.82732063,740.1,14.91974058,0.004486299149,31.60545872
427,8.34E+07,0.867694,0.0165288,1.57518,117.057,2.23242,218.165,13312,13824,13372.1,13965.6,100.85,86.26790227,593.5,19.72316765,0.3761449031,36.75905644
428,8.36E+07,0.862158,0.00510844,1.81569,112.323,0.666992,236.706,12800,13248,12926,13398.6,138.3,94.79475243,472.6,23.76703343,0.1411324587,50.08590774
429,8.38E+07,0.746691,0.010603,1.35042,94.3923,1.34375,171.313,12480,12800,12556.1,12954.4,115.25,80.34145117,398.3,23.69879488,0.3373713281,43.01104695
430,8.40E+07,0.62182,0.020858,1.48469,76.3098,2.5625,185.188,12096,12352,12177.7,12535.2,132.45,71.60839161,357.5,21.3453986,0.7167832168,51.80083916
431,8.42E+07,0.910147,0.34744,1.412,108.919,41.7266,169.575,11776,12032,11898.4,12176.3,133.35,92.11946743,277.9,39.19359482,15.01496941,61.02015113
432,8.44E+07,0.621046,0.102645,1.19283,72.7739,12.0342,139.846,11584,11776,11653.5,11874,83.75,87.07482993,220.5,33.00403628,5.457687075,63.42222222
433,8.46E+07,0.942064,0.309093,1.43347,108.449,35.5195,164.745,11328,11520,11461.9,11626.4,120.15,116.7173252,164.5,65.92644377,21.59240122,100.1489362
434,8.48E+07,0.701658,0.305083,1.42672,79.6105,34.4697,163.032,11264,11328,11298.5,11432.5,69.5,47.76119403,134,59.4108209,25.72365672,121.6656716
435,8.50E+07,0.683265,0.140628,1.09644,76.6322,15.7725,122.744,11072,11200,11174.7,11287,94.85,113.9804096,112.3,68.23882458,14.04496883,109.300089
436,8.52E+07,0.826175,0.273344,1.14536,91.7671,30.3477,127.542,10944,11072,11065.1,11159.7,104.4,135.3065539,94.6,97.00539112,32.08002114,134.8224101
437,8.54E+07,0.725778,0.427366,1.31585,79.968,46.9717,145.073,10880,10944,10981.1,11068.1,112.6,73.56321839,87,91.91724138,53.99045977,166.7505747
438,8.55E+07,0.89446,0.435644,1.39591,97.9639,47.6055,153.119,10816,10880,10919.2,10996.1,109.65,83.22496749,76.9,127.3912874,61.90572172,199.1144343
439,8.57E+07,3.67348,0.000203451,66.0491,519.84,0.0273438,18898.4,4352,63488,11744.8,80220.9,12062.85,86.36005847,68476.1,0.7591553841,0.00003993188864,27.59853438
440,8.59E+07,0.92951,0.367637,1.71778,101.285,40.1465,191.279,10752,11072,10855.3,11239.3,135.3,83.33333333,384,26.37630208,10.45481771,49.81223958
441,8.61E+07,0.764186,0.426185,1.12098,82.8062,46.0195,121.895,10752,10752,10798,10873.9,83.95,0,75.9,109.0990777,60.63175231,160.599473
442,8.63E+07,0.617693,0.319321,0.960374,66.8348,34.4434,104.261,10752,10752,10786.4,10856.3,69.35,0,69.9,95.6148784,49.27525036,149.1573677
443,8.65E+07,0.406531,0.101413,0.982833,43.8906,10.915,106.088,10688,10752,10758.6,10825.4,72,95.80838323,66.8,65.70449102,16.33982036,158.8143713
444,8.67E+07,0.573505,0.0789835,1.00547,61.8067,8.49902,108.556,10688,10752,10743.8,10818.2,61,86.02150538,74.4,83.07352151,11.42341398,145.9086022
445,8.69E+07,0.634226,0.0405556,0.970882,68.2892,4.3623,104.785,10688,10752,10735,10809.6,52.3,85.79088472,74.6,91.54048257,5.847587131,140.4624665
446,8.71E+07,0.592402,0.0218571,0.932373,63.7725,2.35059,100.59,10688,10752,10733.8,10801.3,47.55,94.81481481,67.5,94.47777778,3.482355556,149.0222222
447,8.73E+07,0.572942,0.0961287,0.992849,61.5973,10.3457,106.538,10624,10752,10717.6,10783.7,62.65,193.6459909,66.1,93.18804841,15.6515885,161.1770045
448,8.75E+07,2.74922,0.000791801,57.3258,342.652,0.09375,9469.59,4896,43520,11142.8,52989.6,7858.2,92.2985748,41846.8,0.8188248564,0.0002240314672,22.62918551
449,8.77E+07,2.87006,0.000116776,60.3767,366.247,0.0146484,11034.5,4608,46080,11284.6,57114.5,8855.55,90.49114225,45829.9,0.7991442268,0.00003196253974,24.07707632
450,8.79E+07,26.6925,0.000282569,737.774,126521,1.5625,3.05E+06,-2.16E+06,1.10E+07,127980,1.41E+07,2.67E+06,9.46E+01,13929520,0.9082940403,0.0000112171848,2.19E+01
451,8.81E+07,27.0848,0.000123055,738.691,297700,1.875,7.65E+06,-5.08E+06,2.58E+07,288296,3.35E+07,6.51E+06,9.31E+01,33184304,0.8971108751,0.000005650261642,2.31E+01
452,8.83E+07,0.955421,0.000140311,11.6044,106.381,0.015625,2068.38,9664,16128,10864,18196.4,1634.2,88.15667449,7332.4,1.450834652,0.000213095303,28.20877203
453,8.85E+07,17.0655,0.00147442,394.564,5614.33,0.554688,118036,-76288,473088,16992,591124,105658,95.6880996,574132,0.9778813931,0.00009661332237,20.5590352
454,8.87E+07,23.0464,0.00112104,597.686,20848.2,2.8125,476291,-319488,1.76E+06,33088.2,2.24E+06,414433.1,9.44E+01,2204481.8,0.9457188533,0.0001275810034,21.60557642
455,8.89E+07,0.925776,0.000490782,5.0745,101.171,0.0537109,556.328,10304,12544,10784.4,13100.3,518.35,96.72265642,2315.9,4.368539229,0.002319223628,24.02210804
456,8.91E+07,0.748008,0.00627247,4.49991,81.1777,0.69043,582.02,10368,12352,10757.1,12934,485.55,91.13877532,2176.9,3.729050485,0.03171620194,26.73618448
457,8.93E+07,0.509621,0.00758341,2.65196,55.0015,0.81543,310.341,10560,11392,10741,11702.3,245.65,86.54946427,961.3,5.721574951,0.08482575679,32.2834703
458,8.95E+07,0.89625,0.016719,3.47921,97.4041,1.81934,417.56,10496,11584,10768.2,12001.6,344.9,88.21144803,1233.4,7.897202854,0.1475060808,33.85438625
459,8.96E+07,4.25421,9.16E-05,85.2151,571.299,0.0117188,13169.9,1816,55552,11355,68721.9,11354.45,93.67074044,57366.9,0.9958686978,0.00002042780767,22.95731511
460,8.98E+07,1.86143,2.50E-05,27.8279,220.571,0.00292969,5161.96,8320,23296,11009.7,28458,3925.85,85.8307113,17448.3,1.264140346,0.00001679069021,29.5843148
461,9.00E+07,0.878096,0.000940358,5.34541,95.5442,0.103516,689.2,10240,12608,10760.1,13133.2,522.65,99.78509123,2373.1,4.026134592,0.004362058068,29.04218111
462,9.02E+07,0.962121,0.000107709,10.1619,106.321,0.0117188,1500.79,9920,15552,10812.4,16948.8,1144.6,91.78019686,6136.4,1.732628251,0.0001909719054,24.45717359
463,9.04E+07,0.933741,0.000178466,10.6314,102.934,0.0195312,1601.19,9728,15360,10808.4,16961.2,1340.8,91.53556105,6152.8,1.672961904,0.0003174359641,26.02376154
464,9.06E+07,0.681473,0.00257316,4.16752,73.8705,0.27832,515.569,10368,12160,10746.8,12675.6,447.2,92.90750726,1928.8,3.829868312,0.01442969722,26.7300394
465,9.08E+07,7.74426,9.02E-05,158.966,1265.33,0.0126953,28538.1,-8640,107008,11917.2,135546,24547.6,93.54454625,123628.8,1.02349129,0.00001026888557,23.08369894
466,9.10E+07,0.520514,0.0872169,1.01542,55.9295,9.38574,108.984,10624,10752,10706.5,10776.8,53.65,182.0768137,70.3,79.55832148,13.35098151,155.027027
467,9.12E+07,0.952881,0.000169542,9.5498,105.366,0.0185547,1120.23,9920,14144,10822.8,15264.2,1011.5,95.10514703,4441.4,2.372360067,0.0004177669203,25.22245238
468,9.14E+07,0.632721,0.0141348,2.77412,68.525,1.53809,326.871,10496,11584,10751.7,11785.5,228.6,105.2427936,1033.8,6.628458116,0.1487802283,31.61839814
469,9.16E+07,0.489626,0.205042,1.04081,52.5869,21.96,111.738,10624,10688,10705.1,10773.7,83.4,93.29446064,68.6,76.65728863,32.01166181,162.8833819
470,9.18E+07,9.33512,0.00156353,185.856,1713.12,0.243164,36982.3,-15296,143360,12591.8,180342,32434.9,94.57872479,167750.2,1.021232762,0.000144956012,22.04605419
471,9.20E+07,0.594397,0.0582673,0.906656,63.9181,6.26855,97.79,10688,10752,10716,10795.6,35.8,80.40201005,79.6,80.2991206,7.875062814,122.8517588
472,9.22E+07,0.474526,0.198745,1.08238,50.9505,21.2842,116.25,10624,10688,10702.4,10777.9,84.15,84.76821192,75.5,67.48410596,28.19099338,153.9735099
473,9.24E+07,0.476148,0.168258,1.07158,51.1058,18.0137,115.078,10624,10688,10695.7,10770.6,77.15,85.44726302,74.9,68.23204272,24.05033378,153.6421896
474,9.26E+07,0.47448,0.0438498,1.05176,50.9569,4.7168,112.927,10624,10752,10696,10822.1,71.05,101.5067407,126.1,40.40991277,3.740523394,89.55352895
475,9.28E+07,0.507305,0.115361,1.58011,54.5022,12.418,172.621,10624,10752,10709.9,10924.6,129.25,59.61807173,214.7,25.38528179,5.78388449,80.40102469
476,9.30E+07,0.476508,0.146917,1.07007,51.1465,15.7256,114.914,10624,10752,10695.7,10816.9,68.3,105.6105611,121.2,42.20008251,12.97491749,94.81353135
477,9.32E+07,0.59918,0.000463211,1.8004,64.4875,0.0498047,193.607,10560,11200,10711.9,11383.5,167.7,95.29481834,671.6,9.602069684,0.007415827874,28.82772484
478,9.34E+07,0.448561,0.162229,1.05804,48.1344,17.3672,113.608,10624,10688,10696.2,10773.4,78.8,82.9015544,77.2,62.35025907,22.49637306,147.1606218
479,9.36E+07,0.503297,0.159059,1.04715,53.9846,17.0273,112.427,10624,10688,10691.3,10760.9,70.1,91.95402299,69.6,77.56408046,24.46451149,161.533046
480,9.38E+07,0.46801,0.146862,1.06614,50.2203,15.7197,114.487,10624,10688,10690,10769.1,73.55,80.9102402,79.1,63.48963338,19.87319848,144.7370417
481,9.39E+07,0.44003,0.151964,1.03518,47.2212,16.2666,111.128,10624,10688,10696,10764.8,74.4,93.02325581,68.8,68.63546512,23.64331395,161.5232558
482,9.41E+07,0.491961,0.172647,1.36102,52.8328,18.4844,148.356,10624,10752,10697.2,10900.4,110.8,62.99212598,203.2,26.0003937,9.096653543,73.00984252
483,9.43E+07,0.457503,0.166008,1.06895,49.106,17.7725,114.792,10624,10688,10697.7,10763.5,74.6,97.26443769,65.8,74.62917933,27.00987842,174.4559271
484,9.45E+07,0.57424,0.00466825,1.69681,61.7503,0.501953,185.59,10624,10880,10713.6,11040.3,124.95,78.35935109,326.7,18.90122436,0.1536434037,56.80746863
485,9.47E+07,1.668,0.000152588,23.2276,193.868,0.0175781,3704.15,8704,22656,10932.4,26022.9,2797.65,92.45551837,15090.5,1.284702296,0.0001164845433,24.5462377
486,9.49E+07,0.52094,0.044848,1.45345,55.9731,4.82422,158.58,10624,10816,10702.7,10947.1,104.9,78.55973813,244.4,22.90225041,1.973903437,64.88543372
487,9.51E+07,0.486016,0.168804,1.08644,52.1841,18.0723,116.691,10624,10752,10697.5,10815,68.25,108.9361702,117.5,44.412,15.38068085,99.31148936
488,9.53E+07,0.451829,0.124692,1.01389,48.5099,13.3438,108.819,10624,10688,10701.3,10767.9,78.6,96.0960961,66.6,72.83768769,20.03573574,163.3918919
489,9.55E+07,0.519371,0.189325,1.09797,55.7334,20.2734,117.943,10624,10688,10695.6,10766.1,74.85,90.78014184,70.5,79.05446809,28.75659574,167.2950355
490,9.57E+07,0.508732,0.177636,1.12859,54.6014,19.0195,121.27,10624,10688,10697.3,10767.7,76.5,90.90909091,70.4,77.55880682,27.01633523,172.2585227
491,9.59E+07,0.460032,0.173903,1.04654,49.3934,18.6191,112.36,10624,10752,10705.7,10788.6,59.15,154.4028951,82.9,59.58190591,22.45971049,135.5367913
492,9.61E+07,0.457924,0.189261,1.02071,49.1689,20.2666,109.559,10624,10688,10698.4,10771,78.7,88.15426997,72.6,67.72575758,27.915427,150.9077135
493,9.63E+07,0.46064,0.176808,1.06381,49.453,18.9307,114.234,10624,10688,10700.5,10768.7,78.6,93.84164223,68.2,72.51173021,27.75762463,167.4985337
494,9.65E+07,0.83112,0.467601,1.40701,90.1224,50.5127,155.268,10752,10880,10802.5,11035.3,102.9,54.98281787,232.8,38.71237113,21.69789519,66.69587629
495,9.67E+07,0.645953,0.0582945,0.933592,69.5045,6.27148,100.723,10688,10752,10724.8,10796.1,40.45,89.76157083,71.3,97.48176718,8.795904628,141.2664797
496,9.69E+07,0.474006,0.159515,1.07097,50.8936,17.0762,115.012,10624,10688,10702.9,10770.4,80.65,94.81481481,67.5,75.39792593,25.29807407,170.3881481
497,9.71E+07,0.43763,0.136138,0.996787,46.9741,14.5703,106.965,10624,10688,10699.6,10765.1,76.35,97.70992366,65.5,71.71618321,22.24473282,163.3053435
498,9.73E+07,0.479551,0.187532,1.07622,51.4992,20.0811,115.582,10624,10688,10701.3,10771.1,80.2,91.69054441,69.8,73.78108883,28.76948424,165.5902579
499,9.75E+07,0.626347,0.0420711,1.00798,67.4332,4.52539,108.83,10688,10752,10731,10800,45.5,92.75362319,69,97.72927536,6.558536232,157.7246377
500,9.77E+07,0.456792,0.194477,1.04848,49.0417,20.8262,112.571,10624,10688,10705,10768.9,80.95,100.1564945,63.9,76.74757433,32.59186228,176.1674491
501,9.79E+07,0.471603,0.182835,1.06766,50.6236,19.5771,114.652,10624,10688,10695.8,10769.2,76.5,87.19346049,73.4,68.96948229,26.67179837,156.2016349
502,9.80E+07,0.472031,0.127171,0.990813,50.6926,13.6094,106.317,10624,10688,10701.6,10777.2,83.4,84.65608466,75.6,67.0537037,18.00185185,140.6309524
503,9.82E+07,0.467524,0.179421,1.03559,50.2025,19.2109,111.173,10624,10688,10700.3,10772,80.15,89.26080893,71.7,70.01743375,26.79344491,155.0529986
504,9.84E+07,0.472878,0.174659,1.07832,50.7632,18.7002,115.81,10624,10688,10699.3,10769.1,78.2,91.69054441,69.8,72.72664756,26.79111748,165.9169054
505,9.86E+07,0.469779,0.189507,1.05608,50.4412,20.293,113.396,10624,10688,10693.1,10770.4,75.75,82.79430789,77.3,65.2538163,26.25226391,146.6959897
506,9.88E+07,0.491848,0.203596,1.17398,52.8318,21.8047,126.205,10624,10688,10709.1,10772.2,84.65,101.4263074,63.1,83.72709984,34.55578447,200.0079239
507,9.90E+07,0.461297,0.158695,1.04835,49.524,16.9883,112.557,10624,10688,10697.1,10771.5,78.3,86.02150538,74.4,66.56451613,22.83373656,151.2862903
508,9.92E+07,0.450103,0.142261,1.03487,48.3149,15.2266,111.095,10624,10688,10699.2,10767.5,77.35,93.70424597,68.3,70.73923865,22.29370425,162.6573939
509,9.94E+07,0.489701,0.147484,1.04157,52.5991,15.8809,111.821,10624,10752,10704.5,10776.4,52.45,178.0250348,71.9,73.15591099,22.08748261,155.5229485
510,9.96E+07,0.466871,0.137358,1.01557,50.1348,14.7891,109.001,10624,10752,10700.7,10771.4,48.05,181.0466761,70.7,70.91202263,20.91810467,154.1739745
511,9.98E+07,0.496836,0.136516,1.0144,53.3723,14.6982,108.874,10624,10752,10703.5,10778.7,53.1,170.212766,75.2,70.97380319,19.54547872,144.7792553